_type;_tags_wheelchair;_tags_website;_tags_toilets:wheelchair;_tags_smoking;_tags_shop;_tags_phone;_tags_payment:credit_cards;_tags_payment:cash;_tags_opening_hours;_tags_office;_tags_name;_tags_designation;_tags_building:levels;_tags_building;_tags_addr:street;_tags_addr:state;_tags_addr:housenumber;_tags_addr:housename;_tags_addr:district;_tags_addr:country;_tags_addr:city;_nodes;_lon;_lat;_id;_geometry_centroid_lon;_geometry_centroid_lat;_geometry;_bounds_minlon;_bounds_minlat;_bounds_maxlon;_bounds_maxlat
node;yes;https://www.unimarc.cl/;yes;;supermarket;;yes;yes;;;Jumbo;Supermercado;;;Errázuriz;Región de Los Ríos;1040;Jumbo;Valdivia;CL;Valdivia;;-73.2343052;-39.8183923;1361163625;;;;;;;
node;;;;;supermarket;;;;;;Supermercado Del Barrio;;;;;;;;;;;;-73.2242731;-39.8523954;1446309476;;;;;;;
node;;;;;supermarket;;;;;;Supermercado El Trébol;;;;Avenida René Schneider;Región de Los Ríos;3722;;Valdivia;CL;Valdivia;;-73.2190398;-39.847793;1446309478;;;;;;;
node;;;;;supermarket;;;;;;;;;;;;;;;;;;-73.2594624;-39.8138633;1918796923;;;;;;;
node;;;;;supermarket;;;;;;Donde Chile;;;;;;;;;;;;-73.2484443;-39.8443408;3247099152;;;;;;;
node;;;;;supermarket;;;;;;Minimercado Verdi-Frut;;;;Aníbal Pinto;Región de Los Ríos;;;Valdivia;CL;Valdivia;;-73.2399497;-39.8238671;4328597439;;;;;;;
node;;;;;supermarket;;;;;;Supermercado de las Hierbas;;;;Arauco;Región de Los Ríos;;;Valdivia;CL;Valdivia;;-73.2460681;-39.8151227;4432864413;;;;;;;
node;;;;;supermarket;;;;Mo-Sa 07:30-00:00;;Multipan Hogar de la empanada;;;;Avenida Circunvalación Sur;Región de Los Ríos;4960;;Valdivia;CL;Valdivia;;-73.2030698;-39.8450202;4514681799;;;;;;;
node;;;;;supermarket;;;;;;Minimercado San Andres;;;;;;;;;;;;-73.2338956;-39.8354518;4548454710;;;;;;;
node;;;;;supermarket;;;;;;Cecinas PACEL;;;;;;;;;;;;-73.2124353;-39.8357334;4549711590;;;;;;;
node;;;;;supermarket;;;;;;Fruna;;;;Avenida Ramón Picarte;;;;;CL;Valdivia;;-73.239213;-39.8152524;4549764590;;;;;;;
node;yes;;;;supermarket;;;;;;Supermercado El Trébol;;;;Avenida Simpson;Región de Los Ríos;499;;Valdivia;CL;Valdivia;;-73.2455601;-39.8416452;4747246622;;;;;;;
node;;;;;supermarket;;;;;;El Tejazo;;;;Avenida Los Laureles;Región de Los Ríos;;;Valdivia;CL;Valdivia;;-73.2552868;-39.8144672;5246295349;;;;;;;
node;;;;;supermarket;;;;;;Supermercado Acuenta;;;;Anfión Muñoz;Región de Los Ríos;360;;Valdivia;CL;Valdivia;;-73.2356818;-39.8158834;5302681736;;;;;;;
node;;;;;supermarket;;;;;;Minimercado Galeon;;;;General Baquedano;Región de Los Ríos;513;;Valdivia;CL;Valdivia;;-73.2429702;-39.8228519;5648552121;;;;;;;
node;;;;;supermarket;;;;;;Eltit;;;;Camilo Henríquez;Región de Los Ríos;780;;Valdivia;CL;Valdivia;;-73.2447693;-39.8173522;6242623086;;;;;;;
node;;https://www.facebook.com/permalink.php?id=101750911812865&story_fbid=113839217270701;;;supermarket;;yes;yes;;;Bodega Market;;;;Avenida Ramón Picarte;Región de Los Ríos;2379;;Valdivia;CL;Valdivia;;-73.2196047;-39.8304649;8425845015;;;;;;;
node;;;;;supermarket;;;;;;Supermercado Gavilan;;;;Avenida Argentina;Región de Los Ríos;2455;;Valdivia;CL;Valdivia;;-73.2117909;-39.8248672;8595650161;;;;;;;
way;;;;;supermarket;;;;;;Unimarc;;;yes;Arauco;Región de Los Ríos;561;;Valdivia;CL;Valdivia;[1314278288, 1314278209, 1314278239, 1314278166, 1314278128, 1314278164, 1314278159, 1314278282, 1314278288];;;116619860;-73.2412606470742;-39.81669012022082;[{'lat': -39.8161565, 'lon': -73.2415167}, {'lat': -39.8162874, 'lon': -73.240693}, {'lat': -39.8172353, 'lon': -73.2409711}, {'lat': -39.8171, 'lon': -73.2417259}, {'lat': -39.8169105, 'lon': -73.2416615}, {'lat': -39.8169311, 'lon': -73.2417688}, {'lat': -39.8167992, 'lon': -73.2419083}, {'lat': -39.8165561, 'lon': -73.2416454}, {'lat': -39.8161565, 'lon': -73.2415167}];-73.2419083;-39.8172353;-73.240693;-39.8161565
way;;;;;supermarket;;;;;;Hiper Lider;;;yes;Santiago Bueras;;1400;;;;Valdivia;[1329428888, 1329428894, 1329428886, 1329428898, 1329428893, 1329428911, 1329428903, 1329428882, 1329428906, 1329428878, 4354505931, 1329488633, 7722228176, 4354505930, 8069936322, 4354505929, 1329488583, 1329488600, 4354505654, 4354490326, 4354490327, 7722228146, 2824782783, 4354490328, 4354490329, 4354490330, 1329488610, 1329488640, 1329428888];;;118145974;-73.23712460646162;-39.827709985731786;[{'lat': -39.8276857, 'lon': -73.2380123}, {'lat': -39.827508, 'lon': -73.2377622}, {'lat': -39.827587, 'lon': -73.2376734}, {'lat': -39.8273364, 'lon': -73.2372949}, {'lat': -39.8272363, 'lon': -73.2374073}, {'lat': -39.8271057, 'lon': -73.2372101}, {'lat': -39.8272412, 'lon': -73.2370645}, {'lat': -39.8271557, 'lon': -73.2369298}, {'lat': -39.8272741, 'lon': -73.2367889}, {'lat': -39.8272353, 'lon': -73.2367304}, {'lat': -39.8275611, 'lon': -73.2363923}, {'lat': -39.8275415, 'lon': -73.2363584}, {'lat': -39.827526, 'lon': -73.2363317}, {'lat': -39.827524, 'lon': -73.2362816}, {'lat': -39.8275497, 'lon': -73.2362511}, {'lat': -39.8276154, 'lon': -73.2361733}, {'lat': -39.8279324, 'lon': -73.2366741}, {'lat': -39.8282392, 'lon': -73.2371559}, {'lat': -39.828309, 'lon': -73.2372658}, {'lat': -39.8283799, 'lon': -73.2373912}, {'lat': -39.828386, 'lon': -73.2374188}, {'lat': -39.8283648, 'lon': -73.237449}, {'lat': -39.8283509, 'lon': -73.2374632}, {'lat': -39.8283348, 'lon': -73.2374803}, {'lat': -39.8283228, 'lon': -73.2374609}, {'lat': -39.8282968, 'lon': -73.237486}, {'lat': -39.8282468, 'lon': -73.2374076}, {'lat': -39.8278726, 'lon': -73.2378102}, {'lat': -39.8276857, 'lon': -73.2380123}];-73.2380123;-39.828386;-73.2361733;-39.8271057
way;;;;;supermarket;;;;;;Mayorista 10;;;supermarket;Avenida Ramón Picarte;Región de Los Ríos;2593;;Valdivia;CL;Valdivia;[1377303820, 1377303827, 1377303828, 1377303824, 1377303823, 1377303821, 1377303822, 1377303819, 1377303826, 1377303829, 1377303825, 1377303820];;;123539813;-73.21625681995307;-39.833573298487735;[{'lat': -39.8335534, 'lon': -73.2166383}, {'lat': -39.8332219, 'lon': -73.2161769}, {'lat': -39.8335043, 'lon': -73.2158329}, {'lat': -39.833567, 'lon': -73.21592}, {'lat': -39.8336199, 'lon': -73.2158555}, {'lat': -39.8338972, 'lon': -73.2162416}, {'lat': -39.8337874, 'lon': -73.2163755}, {'lat': -39.8338346, 'lon': -73.2164412}, {'lat': -39.833682, 'lon': -73.2166271}, {'lat': -39.8337128, 'lon': -73.2166701}, {'lat': -39.83364, 'lon': -73.2167588}, {'lat': -39.8335534, 'lon': -73.2166383}];-73.2167588;-39.8338972;-73.2158329;-39.8332219
way;;;;;supermarket;;;;;;Unimarc;;;yes;Avenida Francia;Región de Los Ríos;2651;;Valdivia;CL;Valdivia;[2162744567, 2162744558, 2162744549, 2162744586, 2162744560, 2162744543, 2162744584, 2162744593, 2162744567];;;206274813;-73.23102548030433;-39.83733273555191;[{'lat': -39.8370707, 'lon': -73.231242}, {'lat': -39.8371282, 'lon': -73.230515}, {'lat': -39.8376443, 'lon': -73.2305909}, {'lat': -39.8375724, 'lon': -73.2314209}, {'lat': -39.8373285, 'lon': -73.2313868}, {'lat': -39.8373094, 'lon': -73.231594}, {'lat': -39.8370424, 'lon': -73.2315523}, {'lat': -39.8370579, 'lon': -73.2313843}, {'lat': -39.8370707, 'lon': -73.231242}];-73.231594;-39.8376443;-73.230515;-39.8370424
way;;;;;supermarket;;;;;;Lider Express;;;yes;Avenida Ramón Picarte;Región de Los Ríos;640;;Valdivia;CL;Valdivia;[2938213407, 2938213409, 6101463169, 2938213418, 5200167904, 2938213466, 5200168266, 5200168255, 2938213419, 2938213100, 2938213404, 2938213467, 6101463168, 2938213407];;;290267283;-73.2409488006994;-39.81439410642546;[{'lat': -39.8146883, 'lon': -73.2407642}, {'lat': -39.8147354, 'lon': -73.240785}, {'lat': -39.8147348, 'lon': -73.2407897}, {'lat': -39.8146772, 'lon': -73.2412352}, {'lat': -39.8142044, 'lon': -73.2411896}, {'lat': -39.8141053, 'lon': -73.2411826}, {'lat': -39.814135, 'lon': -73.2409691}, {'lat': -39.8141568, 'lon': -73.2408273}, {'lat': -39.8142145, 'lon': -73.2405201}, {'lat': -39.8144387, 'lon': -73.2406375}, {'lat': -39.8144184, 'lon': -73.2408152}, {'lat': -39.8146657, 'lon': -73.2408849}, {'lat': -39.8146872, 'lon': -73.2407701}, {'lat': -39.8146883, 'lon': -73.2407642}];-73.2412352;-39.8147354;-73.2405201;-39.8141053
way;;;;;supermarket;;;;;;aCuenta;;;yes;Avenida Pedro Montt;Región de Los Ríos;4300;;Valdivia;CL;Valdivia;[2984051441, 2984051442, 2984051443, 2984051444, 2984051445, 2984051446, 2984051447, 4573898508, 4573898509, 2984051448, 2984051449, 2984051450, 2984051441];;;294785202;-73.23091181880645;-39.849996655889164;[{'lat': -39.8498459, 'lon': -73.231285}, {'lat': -39.8502008, 'lon': -73.2313736}, {'lat': -39.8502575, 'lon': -73.230988}, {'lat': -39.8501743, 'lon': -73.2309673}, {'lat': -39.850234, 'lon': -73.2305932}, {'lat': -39.8499732, 'lon': -73.2304967}, {'lat': -39.8499867, 'lon': -73.2304043}, {'lat': -39.8498878, 'lon': -73.2303796}, {'lat': -39.8498761, 'lon': -73.2304586}, {'lat': -39.8498321, 'lon': -73.2304476}, {'lat': -39.8497256, 'lon': -73.2311714}, {'lat': -39.8498577, 'lon': -73.2312044}, {'lat': -39.8498459, 'lon': -73.231285}];-73.2313736;-39.8502575;-73.2303796;-39.8497256
way;;;;;supermarket;;;;;;Teja Market;;;yes;;;;;;;;[3260336186, 3260336187, 3260336188, 3260336189, 9348575050, 9348575051, 9348575052, 9348575053, 9348575054, 5585555697, 3260336186];;;319603498;-73.25747484198158;-39.80899400329667;[{'lat': -39.8088459, 'lon': -73.2574719}, {'lat': -39.8088991, 'lon': -73.257294}, {'lat': -39.8091559, 'lon': -73.2574242}, {'lat': -39.8090851, 'lon': -73.2576608}, {'lat': -39.8090477, 'lon': -73.2576418}, {'lat': -39.8090532, 'lon': -73.2576232}, {'lat': -39.8089111, 'lon': -73.2575511}, {'lat': -39.8088872, 'lon': -73.257631}, {'lat': -39.8088513, 'lon': -73.2576128}, {'lat': -39.8088872, 'lon': -73.2574928}, {'lat': -39.8088459, 'lon': -73.2574719}];-73.2576608;-39.8091559;-73.257294;-39.8088459
way;;;;;supermarket;;;;;;AK mercado;;;yes;Lord Cochrane;Región de Los Ríos;;;Valdivia;CL;Valdivia;[3773649886, 3773649887, 4357964243, 3773649888, 3773649886];;;373939034;-73.24422165;-39.819710300000004;[{'lat': -39.8196568, 'lon': -73.2442749}, {'lat': -39.8196791, 'lon': -73.2441439}, {'lat': -39.8197638, 'lon': -73.2441684}, {'lat': -39.8197415, 'lon': -73.2442994}, {'lat': -39.8196568, 'lon': -73.2442749}];-73.2442994;-39.8197638;-73.2441439;-39.8196568
way;;;;;supermarket;;;;;;Unimarc;;;yes;Bombero Classing;Región de Los Ríos;204;;Valdivia;CL;Valdivia;[3984423444, 11177947791, 3984423449, 3984423447, 9337401481, 3984423443, 3984423450, 3984423442, 3984423446, 3984423444];;;395613431;-73.22192087445903;-39.812811530569505;[{'lat': -39.8125586, 'lon': -73.2218894}, {'lat': -39.8127791, 'lon': -73.2216347}, {'lat': -39.8128413, 'lon': -73.2215628}, {'lat': -39.8129861, 'lon': -73.221895}, {'lat': -39.8129628, 'lon': -73.2219096}, {'lat': -39.8130329, 'lon': -73.2220747}, {'lat': -39.8128658, 'lon': -73.2222553}, {'lat': -39.8127354, 'lon': -73.2220503}, {'lat': -39.8126852, 'lon': -73.2221073}, {'lat': -39.8125586, 'lon': -73.2218894}];-73.2222553;-39.8130329;-73.2215628;-39.8125586
way;;;;;supermarket;;;;;;Unimarc;;;yes;Yungay;Región de Los Ríos;;;Valdivia;CL;Valdivia;[4328522594, 4328522595, 10785272475, 10785272476, 10785272463, 4328522596, 10785272472, 10785272467, 10785272464, 10785272468, 10785272465, 10785272466, 10785272470, 4328522598, 4328522594];;;434943885;-73.2472987156978;-39.81325900987297;[{'lat': -39.8131306, 'lon': -73.2471416}, {'lat': -39.8133525, 'lon': -73.2472001}, {'lat': -39.8133486, 'lon': -73.2472249}, {'lat': -39.8134266, 'lon': -73.2472455}, {'lat': -39.8133972, 'lon': -73.2474347}, {'lat': -39.813396, 'lon': -73.2474423}, {'lat': -39.8133903, 'lon': -73.2474408}, {'lat': -39.8133187, 'lon': -73.2474341}, {'lat': -39.81327, 'lon': -73.2474236}, {'lat': -39.8132512, 'lon': -73.2474195}, {'lat': -39.8132359, 'lon': -73.2474148}, {'lat': -39.8131724, 'lon': -73.2473952}, {'lat': -39.8131026, 'lon': -73.247365}, {'lat': -39.8130962, 'lon': -73.2473633}, {'lat': -39.8131306, 'lon': -73.2471416}];-73.2474423;-39.8134266;-73.2471416;-39.8130962
way;;;;;supermarket;;;;;;LyM;;;yes;Avenida Ramón Picarte;Región de Los Ríos;;;Valdivia;CL;Valdivia;[4330057789, 4330057790, 4330057791, 4330057792, 4330057789];;;435066302;-73.20484855000001;-39.8425443;[{'lat': -39.8424865, 'lon': -73.2048453}, {'lat': -39.8425431, 'lon': -73.2047732}, {'lat': -39.8426021, 'lon': -73.2048518}, {'lat': -39.8425455, 'lon': -73.2049239}, {'lat': -39.8424865, 'lon': -73.2048453}];-73.2049239;-39.8426021;-73.2047732;-39.8424865
way;;;;;supermarket;;;;;;Santa Isabel;;;yes;Chacabuco;Región de Los Ríos;555;;Valdivia;CL;Valdivia;[4341893517, 4341873744, 4341893518, 4341893519, 5200168238, 5200168278, 4341866563, 9293342433, 9293342432, 4341893517];;;436322093;-73.2419144840096;-39.8138293146994;[{'lat': -39.8135578, 'lon': -73.2420383}, {'lat': -39.8136, 'lon': -73.2416853}, {'lat': -39.8140999, 'lon': -73.2417864}, {'lat': -39.8140665, 'lon': -73.2420666}, {'lat': -39.8140592, 'lon': -73.2421279}, {'lat': -39.8139681, 'lon': -73.2421094}, {'lat': -39.8139622, 'lon': -73.2421585}, {'lat': -39.8138892, 'lon': -73.2421437}, {'lat': -39.8138937, 'lon': -73.2421062}, {'lat': -39.8135578, 'lon': -73.2420383}];-73.2421585;-39.8140999;-73.2416853;-39.8135578
way;;;;;supermarket;;;;;;Santa Isabel;;;yes;Avenida Ramón Picarte;Región de Los Ríos;3057;;Valdivia;CL;Valdivia;[4988796122, 4988796123, 4988796127, 4988796128, 4988796129, 4988796130, 4988796131, 4988796132, 4988796122];;;509687112;-73.21005978351634;-39.83870163120906;[{'lat': -39.8386958, 'lon': -73.2104203}, {'lat': -39.8389402, 'lon': -73.2101158}, {'lat': -39.8385561, 'lon': -73.209593}, {'lat': -39.8385219, 'lon': -73.2096357}, {'lat': -39.8386525, 'lon': -73.2098135}, {'lat': -39.838486, 'lon': -73.2100209}, {'lat': -39.8386395, 'lon': -73.2102298}, {'lat': -39.8385958, 'lon': -73.2102843}, {'lat': -39.8386958, 'lon': -73.2104203}];-73.2104203;-39.8389402;-73.209593;-39.838486
way;;;;;supermarket;;;;;;Supermercado Puritan;;;yes;Intendente Luís Damann Asenjo;Región de Los Ríos;963;;Valdivia;CL;Valdivia;[5013151941, 5013151942, 5013151943, 5013151944, 5013151941];;;512711724;-73.23469788428932;-39.85083347911434;[{'lat': -39.8506996, 'lon': -73.2348669}, {'lat': -39.850895, 'lon': -73.2349271}, {'lat': -39.8509674, 'lon': -73.2345289}, {'lat': -39.8507719, 'lon': -73.2344687}, {'lat': -39.8506996, 'lon': -73.2348669}];-73.2349271;-39.8509674;-73.2344687;-39.8506996
way;;;;;supermarket;;;;;;Económico;;;yes;Pasaje 2-O;Región de Los Ríos;;;Valdivia;CL;Valdivia;[7044995056, 7044995057, 7044995058, 7044995059, 7044995056];;;754090794;-73.22693342898894;-39.84167994603382;[{'lat': -39.84165, 'lon': -73.2270265}, {'lat': -39.8416207, 'lon': -73.2268685}, {'lat': -39.8417099, 'lon': -73.2268404}, {'lat': -39.8417392, 'lon': -73.2269983}, {'lat': -39.84165, 'lon': -73.2270265}];-73.2270265;-39.8417392;-73.2268404;-39.8416207
way;;;;;supermarket;;;;;;;;;yes;Lord Cochrane;Región de Los Ríos;;;Valdivia;CL;Valdivia;[7209597427, 7209597428, 9289132323, 7209597429, 7209597430, 7209597427];;;772273727;-73.24539095673018;-39.81927592708424;[{'lat': -39.8191926, 'lon': -73.2454771}, {'lat': -39.8192001, 'lon': -73.2452952}, {'lat': -39.8193346, 'lon': -73.2452902}, {'lat': -39.8193667, 'lon': -73.2453454}, {'lat': -39.8193349, 'lon': -73.2455026}, {'lat': -39.8191926, 'lon': -73.2454771}];-73.2455026;-39.8193667;-73.2452902;-39.8191926
way;;;;;supermarket;;;;;;Antonio;;;yes;General A. Montecino Caro;Región de Los Ríos;;;Valdivia;CL;Valdivia;[7357340194, 7357340195, 7357340196, 7357340197, 7357340198, 7357340199, 7357340194];;;786990630;-73.22922395643042;-39.8395529504459;[{'lat': -39.8395033, 'lon': -73.229124}, {'lat': -39.8395432, 'lon': -73.2291126}, {'lat': -39.839557, 'lon': -73.2291942}, {'lat': -39.839589, 'lon': -73.2291851}, {'lat': -39.8396076, 'lon': -73.2292955}, {'lat': -39.8395356, 'lon': -73.229316}, {'lat': -39.8395033, 'lon': -73.229124}];-73.229316;-39.8396076;-73.2291126;-39.8395033
way;;;;;supermarket;;;;;;;;;yes;Vicente Carvallo;Región de Los Ríos;;;Valdivia;CL;Valdivia;[8256065446, 8256065447, 8256065448, 8256065449, 8256065446];;;888002954;-73.21770854597003;-39.79288563134481;[{'lat': -39.792821, 'lon': -73.2177263}, {'lat': -39.7928499, 'lon': -73.2176362}, {'lat': -39.7929503, 'lon': -73.2176908}, {'lat': -39.7929213, 'lon': -73.2177809}, {'lat': -39.792821, 'lon': -73.2177263}];-73.2177809;-39.7929503;-73.2176362;-39.792821
way;;;;;supermarket;;;;;;Puritan;;;;Avenida Doctor Clemente Holzapfel;;;;;;Valdivia;[9717282329, 9717282330, 9717282331, 9717282332, 9717282333, 9717282336, 9717282337, 9717282338, 9717282335, 9717282341, 9717282340, 9717282339, 9717282334, 9717282329];;;1057521585;-73.20922230987482;-39.829665467090166;[{'lat': -39.829638, 'lon': -73.2094295}, {'lat': -39.8295011, 'lon': -73.2092808}, {'lat': -39.8294839, 'lon': -73.2092725}, {'lat': -39.8294803, 'lon': -73.2092383}, {'lat': -39.8294989, 'lon': -73.2092235}, {'lat': -39.8295243, 'lon': -73.2091847}, {'lat': -39.8295425, 'lon': -73.2091732}, {'lat': -39.8296498, 'lon': -73.2090056}, {'lat': -39.8298111, 'lon': -73.2091754}, {'lat': -39.8298297, 'lon': -73.2091538}, {'lat': -39.82987, 'lon': -73.2091983}, {'lat': -39.8297723, 'lon': -73.2093461}, {'lat': -39.8297335, 'lon': -73.2092949}, {'lat': -39.829638, 'lon': -73.2094295}];-73.2094295;-39.82987;-73.2090056;-39.8294803
way;;;;;supermarket;;;;;;aCuenta;;;yes;Avenida Ramón Picarte;;2161;;;;Valdivia;[9736033110, 9736033111, 9736033116, 9736033112, 9736033113, 9736033114, 9736033115, 9736033110];;;1059699859;-73.21495549145921;-39.83467209128735;[{'lat': -39.83433, 'lon': -73.2147673}, {'lat': -39.8345715, 'lon': -73.2144865}, {'lat': -39.8348644, 'lon': -73.2148967}, {'lat': -39.8349967, 'lon': -73.2151065}, {'lat': -39.83482, 'lon': -73.215312}, {'lat': -39.834892, 'lon': -73.215417}, {'lat': -39.8348273, 'lon': -73.2154923}, {'lat': -39.83433, 'lon': -73.2147673}];-73.2154923;-39.8349967;-73.2144865;-39.83433
way;;https://www.aguasdecima.cl;;no;;+56 600 401 8000;;;Mo-Fr 8:30-13:00 / 14:30-18:00;water_utility;Aguas Décima;;2;commercial;Arauco;Región de Los Ríos;434;;Valdivia;CL;Valdivia;[1389178702, 1389178705, 1389178699, 1389178704, 1389178702];;;124964099;-73.24381179999999;-39.8153975;[{'lat': -39.8154378, 'lon': -73.2439075}, {'lat': -39.8154646, 'lon': -73.2437464}, {'lat': -39.8153572, 'lon': -73.2437161}, {'lat': -39.8153304, 'lon': -73.2438772}, {'lat': -39.8154378, 'lon': -73.2439075}];-73.2439075;-39.8154646;-73.2437161;-39.8153304
way;;;;;;;;;;;Centro Comercial Santiago;;;commercial;Arauco;Región de Los Ríos;;;Valdivia;CL;Valdivia;[1493561144, 9676102698, 1493561145, 1493561151, 1493561147, 1493561146, 1493561144];;;136112440;-73.24447457346362;-39.81514010083371;[{'lat': -39.8153385, 'lon': -73.2446385}, {'lat': -39.8153579, 'lon': -73.2445247}, {'lat': -39.8152274, 'lon': -73.2444874}, {'lat': -39.8152472, 'lon': -73.24437}, {'lat': -39.8149981, 'lon': -73.2443003}, {'lat': -39.8149601, 'lon': -73.2445344}, {'lat': -39.8153385, 'lon': -73.2446385}];-73.2446385;-39.8153579;-73.2443003;-39.8149601
way;;;;no;;;;;;;Oficinas Corporativas CCK;;2;commercial;;;;;;;;[3096519770, 3096519771, 6821117652, 3096519772, 3096519775, 3096519770];;;305077129;-73.27928745181879;-39.83719494519918;[{'lat': -39.8370309, 'lon': -73.2791466}, {'lat': -39.8372151, 'lon': -73.2790329}, {'lat': -39.8373081, 'lon': -73.2792885}, {'lat': -39.837359, 'lon': -73.2794283}, {'lat': -39.8371748, 'lon': -73.279542}, {'lat': -39.8370309, 'lon': -73.2791466}];-73.279542;-39.837359;-73.2790329;-39.8370309
way;;;;;;;;;;;;;;commercial;;;;;;;;[3247099148, 4531063002, 4531063003, 3247099151, 3247099148];;;318312704;-73.24839484910477;-39.84434231669013;[{'lat': -39.8442354, 'lon': -73.2483891}, {'lat': -39.8443387, 'lon': -73.2485341}, {'lat': -39.8444492, 'lon': -73.2484006}, {'lat': -39.844346, 'lon': -73.2482556}, {'lat': -39.8442354, 'lon': -73.2483891}];-73.2485341;-39.8444492;-73.2482556;-39.8442354
way;;;;;;;;;;;Edificio Picarte;;5;commercial;Avenida Ramón Picarte;Región de Los Ríos;427;;Valdivia;CL;Valdivia;[3826858757, 3826858758, 3826858759, 3826858760, 3826858761, 3826858762, 3826858763, 3826858764, 3826858765, 3826858766, 3826858757];;;379382823;-73.24362498615073;-39.81460565964279;[{'lat': -39.8144995, 'lon': -73.2438019}, {'lat': -39.8145875, 'lon': -73.2438224}, {'lat': -39.8146004, 'lon': -73.2437291}, {'lat': -39.8146605, 'lon': -73.2437431}, {'lat': -39.8146726, 'lon': -73.2436549}, {'lat': -39.8147218, 'lon': -73.2436664}, {'lat': -39.8147404, 'lon': -73.2435308}, {'lat': -39.8146152, 'lon': -73.2435017}, {'lat': -39.8146222, 'lon': -73.243451}, {'lat': -39.8145499, 'lon': -73.2434342}, {'lat': -39.8144995, 'lon': -73.2438019}];-73.2438224;-39.8147404;-73.2434342;-39.8144995
way;;;;;;;;;;;;;4;commercial;Camilo Henríquez;Región de Los Ríos;;;Valdivia;CL;Valdivia;[4286211022, 4286211013, 12507634185, 12338367423, 4286211040, 4286211058, 4286211022];;;429480173;-73.24502055305616;-39.812986439614285;[{'lat': -39.8128784, 'lon': -73.2451162}, {'lat': -39.8129036, 'lon': -73.2449572}, {'lat': -39.8129624, 'lon': -73.244973}, {'lat': -39.8129795, 'lon': -73.2448652}, {'lat': -39.8130812, 'lon': -73.2448926}, {'lat': -39.8130389, 'lon': -73.2451593}, {'lat': -39.8128784, 'lon': -73.2451162}];-73.2451593;-39.8130812;-73.2448652;-39.8128784
way;;;;;;;;;;;;;2;commercial;O'Higgins;;422;;;;;[4286211034, 2078818066, 12338360849, 4286211037, 9656578384, 9656578379, 9656578380, 4286211034];;;429480175;-73.24581150072396;-39.81314668860391;[{'lat': -39.8130616, 'lon': -73.2459363}, {'lat': -39.8130952, 'lon': -73.2456581}, {'lat': -39.8131639, 'lon': -73.2456722}, {'lat': -39.8132326, 'lon': -73.2456863}, {'lat': -39.8132295, 'lon': -73.2457104}, {'lat': -39.8132128, 'lon': -73.2458414}, {'lat': -39.8131968, 'lon': -73.2459665}, {'lat': -39.8130616, 'lon': -73.2459363}];-73.2459665;-39.8132326;-73.2456581;-39.8130616
way;;;;;;;;;;;La Reconquista;;2;commercial;Chacabuco;Región de Los Ríos;;;Valdivia;CL;Valdivia;[4286211049, 12507647230, 4286211055, 12338360848, 12507647232, 4286211028, 4286211048, 4286211049];;;429480176;-73.24545764023408;-39.81284631292662;[{'lat': -39.8129732, 'lon': -73.2456529}, {'lat': -39.8129948, 'lon': -73.2454927}, {'lat': -39.8130092, 'lon': -73.2453854}, {'lat': -39.812975, 'lon': -73.2453238}, {'lat': -39.8127928, 'lon': -73.2452795}, {'lat': -39.8127241, 'lon': -73.2452628}, {'lat': -39.8126769, 'lon': -73.2455736}, {'lat': -39.8129732, 'lon': -73.2456529}];-73.2456529;-39.8130092;-73.2452628;-39.8126769
way;;;;;;;;;;;;;;commercial;Camilo Henríquez;Región de Los Ríos;;;Valdivia;CL;Valdivia;[4330170880, 4330170881, 4286211013, 4286211022, 4330170880];;;435074001;-73.24501895449686;-39.81282552674865;[{'lat': -39.8127473, 'lon': -73.2450809}, {'lat': -39.812773, 'lon': -73.2449214}, {'lat': -39.8129036, 'lon': -73.2449572}, {'lat': -39.8128784, 'lon': -73.2451162}, {'lat': -39.8127473, 'lon': -73.2450809}];-73.2451162;-39.8129036;-73.2449214;-39.8127473
way;;;;;;;;;;;Galería España;;3;commercial;Camilo Henríquez;Región de Los Ríos;;;Valdivia;CL;Valdivia;[4330189166, 12507634189, 12507634190, 12338367419, 4330189169, 4330189166];;;435074761;-73.24509214964789;-39.813422148709236;[{'lat': -39.8133112, 'lon': -73.2452405}, {'lat': -39.8133677, 'lon': -73.2448976}, {'lat': -39.8135331, 'lon': -73.2449438}, {'lat': -39.8135051, 'lon': -73.2451137}, {'lat': -39.8134766, 'lon': -73.2452867}, {'lat': -39.8133112, 'lon': -73.2452405}];-73.2452867;-39.8135331;-73.2448976;-39.8133112
way;;;;;;;;;;;;;;commercial;Esmeralda;Región de Los Ríos;;;Valdivia;CL;Valdivia;[4337946316, 4367909190, 4337946317, 10309700915, 4337946319, 4337946641, 4337946316];;;435900786;-73.24428026277704;-39.81563256012183;[{'lat': -39.8155625, 'lon': -73.2443314}, {'lat': -39.8155453, 'lon': -73.2442956}, {'lat': -39.8155577, 'lon': -73.2442036}, {'lat': -39.8157225, 'lon': -73.244238}, {'lat': -39.8157067, 'lon': -73.2443549}, {'lat': -39.8156825, 'lon': -73.2443509}, {'lat': -39.8155625, 'lon': -73.2443314}];-73.2443549;-39.8157225;-73.2442036;-39.8155453
way;;;;;;;;;;;;;;commercial;;;;;;;;[4337949021, 4337949022, 1383813037, 4337949023, 6011260776, 6011260775, 6011260774, 4337949021];;;435900852;-73.24507287833111;-39.81515086360527;[{'lat': -39.8152382, 'lon': -73.2451681}, {'lat': -39.8152637, 'lon': -73.2450328}, {'lat': -39.8152159, 'lon': -73.2450167}, {'lat': -39.8150501, 'lon': -73.2449785}, {'lat': -39.8150367, 'lon': -73.2450667}, {'lat': -39.8150715, 'lon': -73.2450727}, {'lat': -39.8150612, 'lon': -73.2451315}, {'lat': -39.8152382, 'lon': -73.2451681}];-73.2451681;-39.8152637;-73.2449785;-39.8150367
way;;;;;;;;;;;;;;commercial;Independencia;;;;;;Valdivia;[10785272475, 4328522595, 10785272461, 4341843808, 4341843807, 4341843806, 10785272462, 10785272476, 10785272475];;;436314948;-73.24707822869297;-39.81351862098371;[{'lat': -39.8133486, 'lon': -73.2472249}, {'lat': -39.8133525, 'lon': -73.2472001}, {'lat': -39.8133555, 'lon': -73.2471806}, {'lat': -39.8133848, 'lon': -73.2468561}, {'lat': -39.813697, 'lon': -73.2469384}, {'lat': -39.8136405, 'lon': -73.2473018}, {'lat': -39.8135393, 'lon': -73.2472752}, {'lat': -39.8134266, 'lon': -73.2472455}, {'lat': -39.8133486, 'lon': -73.2472249}];-73.2473018;-39.813697;-73.2468561;-39.8133486
way;;;;;;;;;;;;;2;commercial;Ismael Valdes;Región de Los Ríos;;;Valdivia;CL;Valdivia;[4341866559, 4341866560, 4341866561, 4341866562, 9293342433, 4341866563, 4341866564, 4341866559];;;436317529;-73.24222348927631;-39.813786071095805;[{'lat': -39.8135838, 'lon': -73.242272}, {'lat': -39.8135983, 'lon': -73.2421569}, {'lat': -39.8136713, 'lon': -73.2421723}, {'lat': -39.8136794, 'lon': -73.2420974}, {'lat': -39.8138892, 'lon': -73.2421437}, {'lat': -39.8139622, 'lon': -73.2421585}, {'lat': -39.8139448, 'lon': -73.2423491}, {'lat': -39.8135838, 'lon': -73.242272}];-73.2423491;-39.8139622;-73.2420974;-39.8135838
way;;;;;;;;;;;;;3;commercial;Chacabuco;Región de Los Ríos;;;Valdivia;CL;Valdivia;[4341890718, 4341890715, 4612042540, 5200168247, 4341890718];;;436321922;-73.24451772955736;-39.81332139260405;[{'lat': -39.813365, 'lon': -73.2446294}, {'lat': -39.8132495, 'lon': -73.2446005}, {'lat': -39.8132774, 'lon': -73.2444062}, {'lat': -39.8133936, 'lon': -73.2444352}, {'lat': -39.813365, 'lon': -73.2446294}];-73.2446294;-39.8133936;-73.2444062;-39.8132495
way;;;;;;;;;;;;;2;commercial;Paseo Libertad;Región de Los Ríos;;;Valdivia;CL;Valdivia;[4343818608, 4343816456, 4343816455, 4343818610, 4343818611, 12272235467, 10080374314, 4343818608];;;436493528;-73.24662319206782;-39.813661065807594;[{'lat': -39.8135769, 'lon': -73.246759}, {'lat': -39.8136194, 'lon': -73.2464627}, {'lat': -39.8137426, 'lon': -73.2464875}, {'lat': -39.8137109, 'lon': -73.2467534}, {'lat': -39.8136846, 'lon': -73.246781}, {'lat': -39.8136247, 'lon': -73.2467672}, {'lat': -39.8136003, 'lon': -73.2467616}, {'lat': -39.8135769, 'lon': -73.246759}];-73.246781;-39.8137426;-73.2464627;-39.8135769
way;;;;;;;;;;;Edificio Libertad;;9;commercial;Independencia;Región de Los Ríos;;;Valdivia;CL;Valdivia;[4343821845, 4343821013, 10785303157, 10785303156, 4343821847, 4343821848, 4343821849, 4343821850, 4343821845];;;436494105;-73.2471703777249;-39.81405094305162;[{'lat': -39.8139368, 'lon': -73.2472843}, {'lat': -39.8139689, 'lon': -73.2470875}, {'lat': -39.8140019, 'lon': -73.2470971}, {'lat': -39.8140123, 'lon': -73.2470349}, {'lat': -39.8141674, 'lon': -73.247078}, {'lat': -39.8141345, 'lon': -73.247276}, {'lat': -39.8140334, 'lon': -73.247248}, {'lat': -39.8140233, 'lon': -73.2473088}, {'lat': -39.8139368, 'lon': -73.2472843}];-73.2473088;-39.8141674;-73.2470349;-39.8139368
way;;;;;;;;;;;Galería Entre Ríos;;2;commercial;Independencia;Región de Los Ríos;528;;Valdivia;CL;Valdivia;[4343823708, 4343823709, 4343823710, 12192087614, 4343823711, 4343823708];;;436494356;-73.24677587528372;-39.81414705674499;[{'lat': -39.8140405, 'lon': -73.2468961}, {'lat': -39.8140982, 'lon': -73.2466084}, {'lat': -39.8142538, 'lon': -73.24665}, {'lat': -39.8142363, 'lon': -73.2467371}, {'lat': -39.8141938, 'lon': -73.2469485}, {'lat': -39.8140405, 'lon': -73.2468961}];-73.2469485;-39.8142538;-73.2466084;-39.8140405
way;;;;;;;;;;;;;;commercial;Lord Cochrane;Región de Los Ríos;;;Valdivia;CL;Valdivia;[4357963025, 4357963026, 4357963027, 4357963028, 4357963029, 4357963025];;;438026861;-73.24781136192243;-39.81911484459765;[{'lat': -39.8190443, 'lon': -73.2478332}, {'lat': -39.8190495, 'lon': -73.2477835}, {'lat': -39.8190742, 'lon': -73.2477607}, {'lat': -39.8191844, 'lon': -73.2477903}, {'lat': -39.8191741, 'lon': -73.2478627}, {'lat': -39.8190443, 'lon': -73.2478332}];-73.2478627;-39.8191844;-73.2477607;-39.8190443
way;;;;;;;;;;;Katrico;;3;commercial;Camilo Henríquez;Región de Los Ríos;822;;Valdivia;CL;Valdivia;[4460630830, 4460630831, 4460630832, 4460630833, 4460630834, 4460630835, 4460630830];;;449096108;-73.24432127118766;-39.8183522589665;[{'lat': -39.8183095, 'lon': -73.2444291}, {'lat': -39.818293, 'lon': -73.244295}, {'lat': -39.8183198, 'lon': -73.2442923}, {'lat': -39.8183136, 'lon': -73.2442199}, {'lat': -39.8183898, 'lon': -73.2442011}, {'lat': -39.8184063, 'lon': -73.2444103}, {'lat': -39.8183095, 'lon': -73.2444291}];-73.2444291;-39.8184063;-73.2442011;-39.818293
way;;;;;;;;;;;;;;commercial;Aníbal Pinto;Región de Los Ríos;;;Valdivia;CL;Valdivia;[4520016041, 4520016042, 4520016043, 4520016044, 4520016045, 4520016046, 4520016041];;;455615062;-73.23995150628608;-39.8223039011559;[{'lat': -39.8222111, 'lon': -73.2400512}, {'lat': -39.8222111, 'lon': -73.2398782}, {'lat': -39.822411, 'lon': -73.2398554}, {'lat': -39.8223883, 'lon': -73.2400016}, {'lat': -39.822379, 'lon': -73.2400204}, {'lat': -39.8223646, 'lon': -73.2400338}, {'lat': -39.8222111, 'lon': -73.2400512}];-73.2400512;-39.822411;-73.2398554;-39.8222111
way;;;;;mall;;;;;;Galeria Centro Nuevo;;;commercial;;;;;;;;[4612042538, 4612042539, 10944379982, 12088079455, 4612042535, 4584887754, 4584887755, 4585790918, 4585790919, 4612042537, 4612042542, 1493340230, 1493340241, 4612042536, 4612042540, 5200168247, 4612042544, 4612042543, 4612042541, 9732823220, 9732823221, 12507634191, 4612042538];;;466406571;-73.24466447423153;-39.81368633771148;[{'lat': -39.8136553, 'lon': -73.2453327}, {'lat': -39.8138315, 'lon': -73.2453773}, {'lat': -39.8138677, 'lon': -73.245132}, {'lat': -39.8138893, 'lon': -73.2449852}, {'lat': -39.8139309, 'lon': -73.2447034}, {'lat': -39.8138721, 'lon': -73.2446907}, {'lat': -39.8139056, 'lon': -73.2444264}, {'lat': -39.8138719, 'lon': -73.2444193}, {'lat': -39.8139106, 'lon': -73.2441074}, {'lat': -39.8138715, 'lon': -73.2441031}, {'lat': -39.8138343, 'lon': -73.2443556}, {'lat': -39.8136981, 'lon': -73.2443175}, {'lat': -39.8136018, 'lon': -73.2442943}, {'lat': -39.8133043, 'lon': -73.2442234}, {'lat': -39.8132774, 'lon': -73.2444062}, {'lat': -39.8133936, 'lon': -73.2444352}, {'lat': -39.8134529, 'lon': -73.24445}, {'lat': -39.8134241, 'lon': -73.2446454}, {'lat': -39.8137987, 'lon': -73.244739}, {'lat': -39.8137743, 'lon': -73.2449043}, {'lat': -39.8137209, 'lon': -73.2448909}, {'lat': -39.8136814, 'lon': -73.2451613}, {'lat': -39.8136553, 'lon': -73.2453327}];-73.2453773;-39.8139309;-73.2441031;-39.8132774
way;;;;;;;;;;;;;2;commercial;O'Higgins;;442;;;;;[4286211057, 4612528313, 9656578381, 9656578382, 4286211057];;;466458775;-73.24592005000001;-39.813280950000006;[{'lat': -39.8131986, 'lon': -73.2459665}, {'lat': -39.8132146, 'lon': -73.2458414}, {'lat': -39.8133633, 'lon': -73.2458736}, {'lat': -39.8133473, 'lon': -73.2459987}, {'lat': -39.8131986, 'lon': -73.2459665}];-73.2459987;-39.8133633;-73.2458414;-39.8131986
way;;;;;;;;;;;Serviteca Goodyear;;;commercial;Avenida Ramón Picarte;Región de Los Ríos;1645;;Valdivia;CL;Valdivia;[5002376233, 5002376234, 5002376235, 5002376236, 5002376237, 5002376239, 5002376233];;;511379733;-73.22898823059161;-39.823367976039584;[{'lat': -39.8231356, 'lon': -73.2288465}, {'lat': -39.8233621, 'lon': -73.2286832}, {'lat': -39.8236339, 'lon': -73.2291029}, {'lat': -39.8234621, 'lon': -73.2292547}, {'lat': -39.8234163, 'lon': -73.2291347}, {'lat': -39.8232847, 'lon': -73.2292792}, {'lat': -39.8231356, 'lon': -73.2288465}];-73.2292792;-39.8236339;-73.2286832;-39.8231356
way;;;;;;;;;;;;;;commercial;Esmeralda;Región de Los Ríos;634;;Valdivia;CL;Valdivia;[4337946319, 5007582542, 5007582543, 5007582544, 5007582545, 4337946318, 4337946319];;;512076289;-73.24427562394558;-39.815804939202444;[{'lat': -39.8157067, 'lon': -73.2443549}, {'lat': -39.8158523, 'lon': -73.2443825}, {'lat': -39.81589, 'lon': -73.2441571}, {'lat': -39.81582, 'lon': -73.2441397}, {'lat': -39.8158035, 'lon': -73.2442412}, {'lat': -39.8157241, 'lon': -73.2442279}, {'lat': -39.8157067, 'lon': -73.2443549}];-73.2443825;-39.81589;-73.2441397;-39.8157067
way;;;;;;;;;;;;;;commercial;Esmeralda;Región de Los Ríos;664;;Valdivia;CL;Valdivia;[10309700914, 5007582548, 5007582549, 5007582550, 10309700914];;;512076290;-73.24410033454501;-39.81599136469551;[{'lat': -39.8159199, 'lon': -73.2441369}, {'lat': -39.8160469, 'lon': -73.2441669}, {'lat': -39.8160629, 'lon': -73.2440676}, {'lat': -39.815939, 'lon': -73.2440303}, {'lat': -39.8159199, 'lon': -73.2441369}];-73.2441669;-39.8160629;-73.2440303;-39.8159199
way;;;;;;;;;;;Distribuidora Hiperkor;;;commercial;Avenida Ramón Picarte;Región de Los Ríos;3500;;Valdivia;CL;Valdivia;[5246406015, 5246406016, 5246406017, 5287832335, 5287832328, 5246406018, 5246406015];;;542668925;-73.20424102463716;-39.84128651903416;[{'lat': -39.8413478, 'lon': -73.2047482}, {'lat': -39.8409119, 'lon': -73.2040812}, {'lat': -39.8412253, 'lon': -73.2037339}, {'lat': -39.8413364, 'lon': -73.2039039}, {'lat': -39.8414897, 'lon': -73.2041385}, {'lat': -39.8416611, 'lon': -73.2044008}, {'lat': -39.8413478, 'lon': -73.2047482}];-73.2047482;-39.8416611;-73.2037339;-39.8409119
way;;;;;;;;;;;Galería Benjamín;;2;commercial;Caupolicán;Región de Los Ríos;364;;Valdivia;CL;Valdivia;[5246590099, 5246590100, 11545371834, 5246590101, 12258956714, 5246590102, 5246590103, 5246590104, 6231082807, 6231082808, 5246590099];;;542682527;-73.24352528119508;-39.81303732706145;[{'lat': -39.8128819, 'lon': -73.2436053}, {'lat': -39.8131953, 'lon': -73.2436787}, {'lat': -39.8132215, 'lon': -73.2436535}, {'lat': -39.813237, 'lon': -73.2435434}, {'lat': -39.8131489, 'lon': -73.2435233}, {'lat': -39.8130663, 'lon': -73.243503}, {'lat': -39.8130841, 'lon': -73.2433739}, {'lat': -39.8129193, 'lon': -73.2433353}, {'lat': -39.8129005, 'lon': -73.2434666}, {'lat': -39.8128824, 'lon': -73.2435905}, {'lat': -39.8128819, 'lon': -73.2436053}];-73.2436787;-39.813237;-73.2433353;-39.8128819
way;;;;;;;;;;;;;;commercial;;;;;;;;[5523321052, 10080715871, 5523321053, 10281465555, 5523321054, 5523321055, 5523321052];;;575660463;-73.2446767185252;-39.81816051828165;[{'lat': -39.8180863, 'lon': -73.2447329}, {'lat': -39.8180852, 'lon': -73.2447108}, {'lat': -39.8180838, 'lon': -73.2446837}, {'lat': -39.8181329, 'lon': -73.2446371}, {'lat': -39.8182211, 'lon': -73.2446092}, {'lat': -39.8182267, 'lon': -73.2447095}, {'lat': -39.8180863, 'lon': -73.2447329}];-73.2447329;-39.8182267;-73.2446092;-39.8180838
way;;;;;;;;;;;;;;commercial;;;;;;;;[5531843775, 5531843776, 5531843777, 5531843778, 6504976579, 5531843779, 5531843780, 5531843781, 5531843775];;;576879680;-73.2441171588375;-39.81944366502102;[{'lat': -39.8193278, 'lon': -73.2441717}, {'lat': -39.8193342, 'lon': -73.2440433}, {'lat': -39.8193794, 'lon': -73.2440529}, {'lat': -39.8193849, 'lon': -73.2440265}, {'lat': -39.8194805, 'lon': -73.2440492}, {'lat': -39.8195665, 'lon': -73.2440697}, {'lat': -39.8195444, 'lon': -73.2441861}, {'lat': -39.8195232, 'lon': -73.2442042}, {'lat': -39.8193278, 'lon': -73.2441717}];-73.2442042;-39.8195665;-73.2440265;-39.8193278
way;;;;;;;;;;;;;2;commercial;General Baquedano;Región de Los Ríos;;;Valdivia;CL;Valdivia;[5592383550, 5592383551, 5592383552, 5592383553, 5592383554, 5592383550];;;585150962;-73.2399040195709;-39.82264780285033;[{'lat': -39.8225729, 'lon': -73.2399823}, {'lat': -39.8225678, 'lon': -73.2399335}, {'lat': -39.8225776, 'lon': -73.2398588}, {'lat': -39.8227228, 'lon': -73.2398319}, {'lat': -39.8227325, 'lon': -73.2399356}, {'lat': -39.8225729, 'lon': -73.2399823}];-73.2399823;-39.8227325;-73.2398319;-39.8225678
way;;;;;;;;;;;Ducasse;;2;commercial;Lautaro;;149;;;;;[5881909450, 5881909451, 5881909452, 7251249525, 7251249526, 5881909453, 5881909454, 5881909450];;;622744574;-73.2474441013578;-39.8163234990659;[{'lat': -39.8161779, 'lon': -73.2472687}, {'lat': -39.8165508, 'lon': -73.2473894}, {'lat': -39.8165026, 'lon': -73.2475791}, {'lat': -39.8164104, 'lon': -73.2475417}, {'lat': -39.8163973, 'lon': -73.2475863}, {'lat': -39.8161231, 'lon': -73.2475481}, {'lat': -39.8161429, 'lon': -73.2474216}, {'lat': -39.8161779, 'lon': -73.2472687}];-73.2475863;-39.8165508;-73.2472687;-39.8161231
way;;http://www.lacisnenegro.org;;outside;;;;;Mo-Fr 09:00-19:00;;La Cisne Negro;;2;commercial;General Baquedano;Región de Los Ríos;628;;Valdivia;CL;Valdivia;[6185160885, 6185160886, 6185160887, 6185160888, 6185160885];;;660629174;-73.23960142178004;-39.822766790346286;[{'lat': -39.8226893, 'lon': -73.2396425}, {'lat': -39.8228288, 'lon': -73.2396756}, {'lat': -39.8228443, 'lon': -73.2395604}, {'lat': -39.8227048, 'lon': -73.2395272}, {'lat': -39.8226893, 'lon': -73.2396425}];-73.2396756;-39.8228443;-73.2395272;-39.8226893
way;;;;;;;;;;;;;;commercial;;;;;;;;[6231087625, 6231087624, 6231087623, 6231087622, 6231087621, 6231087620, 6231087625];;;665687139;-73.24475524446336;-39.80919817490401;[{'lat': -39.8091315, 'lon': -73.2448572}, {'lat': -39.8091315, 'lon': -73.2447365}, {'lat': -39.8091562, 'lon': -73.2447311}, {'lat': -39.8091542, 'lon': -73.2446507}, {'lat': -39.8092551, 'lon': -73.244656}, {'lat': -39.8092634, 'lon': -73.2448331}, {'lat': -39.8091315, 'lon': -73.2448572}];-73.2448572;-39.8092634;-73.2446507;-39.8091315
way;;;;;;;;;;;;;;commercial;O'Higgins;;189;;;;Valdivia;[6231117273, 6231117272, 6231117271, 9693342201, 9693342202, 6231117270, 6231117273];;;665689979;-73.24558366829832;-39.81057317387507;[{'lat': -39.8105137, 'lon': -73.2456707}, {'lat': -39.8105933, 'lon': -73.2456952}, {'lat': -39.8106345, 'lon': -73.2454937}, {'lat': -39.8105686, 'lon': -73.2454714}, {'lat': -39.8105612, 'lon': -73.2455087}, {'lat': -39.8105407, 'lon': -73.2455018}, {'lat': -39.8105137, 'lon': -73.2456707}];-73.2456952;-39.8106345;-73.2454714;-39.8105137
way;;;;;;;;;;;;;;commercial;;;;;;;;[6231117281, 6231117280, 6231117279, 6231117278, 6231117281];;;665689981;-73.2460032612224;-39.81041641555381;[{'lat': -39.8103508, 'lon': -73.2460164}, {'lat': -39.8104486, 'lon': -73.246086}, {'lat': -39.8104812, 'lon': -73.2459789}, {'lat': -39.8103792, 'lon': -73.2459277}, {'lat': -39.8103508, 'lon': -73.2460164}];-73.246086;-39.8104812;-73.2459277;-39.8103508
way;;;;;;;;;;;;;;commercial;;;;;;;;[6231117289, 6231117288, 6231117287, 6231117286, 6231117289];;;665689983;-73.24583438346475;-39.81014830066141;[{'lat': -39.8100793, 'lon': -73.2458523}, {'lat': -39.8101803, 'lon': -73.2459301}, {'lat': -39.8102194, 'lon': -73.2458121}, {'lat': -39.8101102, 'lon': -73.2457423}, {'lat': -39.8100793, 'lon': -73.2458523}];-73.2459301;-39.8102194;-73.2457423;-39.8100793
way;;;;;;;;;;;;;3;commercial;Lautaro;Región de Los Ríos;175;;Valdivia;CL;Valdivia;[6436894744, 6436894745, 6436894746, 6436894747, 6436894748, 6436894749, 6436894750, 6436894751, 6436894744];;;686704648;-73.24726639272195;-39.81638167500482;[{'lat': -39.8161909, 'lon': -73.247253}, {'lat': -39.8162099, 'lon': -73.2471556}, {'lat': -39.8163221, 'lon': -73.2471928}, {'lat': -39.8163196, 'lon': -73.2472058}, {'lat': -39.8164979, 'lon': -73.2472649}, {'lat': -39.8165022, 'lon': -73.2472426}, {'lat': -39.8165723, 'lon': -73.2472658}, {'lat': -39.8165514, 'lon': -73.2473725}, {'lat': -39.8161909, 'lon': -73.247253}];-73.2473725;-39.8165723;-73.2471556;-39.8161909
way;;;;;;;;;;;;;2;commercial;Lautaro;Región de Los Ríos;177;;Valdivia;CL;Valdivia;[6436894752, 6436894753, 6436894754, 6436894755, 6436894756, 6436894757, 6436894758, 6436894759, 6436894760, 6436894761, 6436894762, 6436894763, 6436894752];;;686704649;-73.24717090687051;-39.81641323040324;[{'lat': -39.8162312, 'lon': -73.2471598}, {'lat': -39.816246, 'lon': -73.2470801}, {'lat': -39.8164827, 'lon': -73.2471543}, {'lat': -39.8164915, 'lon': -73.2471071}, {'lat': -39.8165694, 'lon': -73.2471315}, {'lat': -39.8165615, 'lon': -73.2471743}, {'lat': -39.8165673, 'lon': -73.2471761}, {'lat': -39.816553, 'lon': -73.2472532}, {'lat': -39.8164991, 'lon': -73.2472363}, {'lat': -39.8164948, 'lon': -73.2472597}, {'lat': -39.8163225, 'lon': -73.2472057}, {'lat': -39.8163255, 'lon': -73.2471894}, {'lat': -39.8162312, 'lon': -73.2471598}];-73.2472597;-39.8165694;-73.2470801;-39.8162312
way;;;;;;;;;;;la feria;;1;commercial;;;;;;;;[6504976564, 6504976565, 6504976566, 6504976567, 6504976564];;;692871717;-73.2428586168826;-39.819688870460546;[{'lat': -39.819626, 'lon': -73.2428255}, {'lat': -39.8196334, 'lon': -73.2429053}, {'lat': -39.8197485, 'lon': -73.2428909}, {'lat': -39.8197498, 'lon': -73.2428144}, {'lat': -39.819626, 'lon': -73.2428255}];-73.2429053;-39.8197498;-73.2428144;-39.819626
way;;;;;;;;;;;West-Ingenieria;;4;commercial;Aníbal Pinto;Región de Los Ríos;1999;;Valdivia;CL;Valdivia;[6731999958, 6731999959, 6731999960, 6731999961, 6731999958];;;716711171;-73.23996966342604;-39.827214099483314;[{'lat': -39.8272729, 'lon': -73.2398757}, {'lat': -39.8272625, 'lon': -73.2400689}, {'lat': -39.8271558, 'lon': -73.2400638}, {'lat': -39.8271651, 'lon': -73.2398709}, {'lat': -39.8272729, 'lon': -73.2398757}];-73.2400689;-39.8272729;-73.2398709;-39.8271558
way;;;;;;;;;;;;;;commercial;Pasaje Tres;Región de Los Ríos;;;Valdivia;CL;Valdivia;[7217871097, 7217871098, 7217871099, 7217871100, 7217871101, 7217871102, 7217871103, 7217871104, 7217871097];;;773061968;-73.21653129208084;-39.807153949737746;[{'lat': -39.8072004, 'lon': -73.2166632}, {'lat': -39.8071378, 'lon': -73.2166158}, {'lat': -39.8071457, 'lon': -73.2165981}, {'lat': -39.8070295, 'lon': -73.2165102}, {'lat': -39.8070802, 'lon': -73.2163967}, {'lat': -39.8072797, 'lon': -73.2165476}, {'lat': -39.8072401, 'lon': -73.2166363}, {'lat': -39.8072194, 'lon': -73.2166207}, {'lat': -39.8072004, 'lon': -73.2166632}];-73.2166632;-39.8072797;-73.2163967;-39.8070295
way;;;;;;;;;;;;;;commercial;Las Heras;Región de Los Ríos;;;Valdivia;CL;Valdivia;[9269909664, 9269909665, 9269909666, 9269909667, 9269909668, 9269909669, 9269909670, 9269909671, 9269909672, 9269909673, 9269909674, 9269909675, 9269909676, 9269909677, 9269909664];;;1004711860;-73.2043957517278;-39.83438015316879;[{'lat': -39.8344252, 'lon': -73.2045504}, {'lat': -39.834407, 'lon': -73.2045241}, {'lat': -39.8343796, 'lon': -73.2045562}, {'lat': -39.8343577, 'lon': -73.2045247}, {'lat': -39.8343823, 'lon': -73.2044958}, {'lat': -39.8343274, 'lon': -73.2044165}, {'lat': -39.8342989, 'lon': -73.20445}, {'lat': -39.8342723, 'lon': -73.2044116}, {'lat': -39.8342995, 'lon': -73.2043797}, {'lat': -39.834267, 'lon': -73.2043327}, {'lat': -39.834364, 'lon': -73.2042187}, {'lat': -39.8343937, 'lon': -73.2042615}, {'lat': -39.8343788, 'lon': -73.2042791}, {'lat': -39.8345033, 'lon': -73.2044587}, {'lat': -39.8344252, 'lon': -73.2045504}];-73.2045562;-39.8345033;-73.2042187;-39.834267
way;;;;;;;;;;;;;;commercial;Ismael Valdés;;;;;;Valdivia;[4341866550, 12507241846, 12507241847, 12507241848, 12507241849, 12507241857, 12507241850, 4341866550];;;1351851879;-73.24215850784283;-39.81317925302027;[{'lat': -39.8132305, 'lon': -73.2422154}, {'lat': -39.8131002, 'lon': -73.2421846}, {'lat': -39.8131094, 'lon': -73.2421185}, {'lat': -39.8131919, 'lon': -73.242138}, {'lat': -39.8131978, 'lon': -73.2420958}, {'lat': -39.8132268, 'lon': -73.2421026}, {'lat': -39.8132457, 'lon': -73.2421071}, {'lat': -39.8132305, 'lon': -73.2422154}];-73.2422154;-39.8132457;-73.2420958;-39.8131002
way;;;;;;;;;;;;;;warehouse;;;;;;;;[3826833294, 3826833295, 3826833296, 3826833297, 3826833294];;;379380844;-73.23106315000001;-39.8083855;[{'lat': -39.8082013, 'lon': -73.2311309}, {'lat': -39.808505, 'lon': -73.2308685}, {'lat': -39.8085697, 'lon': -73.2309954}, {'lat': -39.808266, 'lon': -73.2312578}, {'lat': -39.8082013, 'lon': -73.2311309}];-73.2312578;-39.8085697;-73.2308685;-39.8082013
way;;;;;;;;;;;La Gruta;;;warehouse;Fuerte San Rosendo;Región de Los Ríos;;;Valdivia;CL;Valdivia;[5255117020, 5255118121, 5255118122, 5255118123, 5255117020];;;543615622;-73.21727157805758;-39.79735670362129;[{'lat': -39.7973196, 'lon': -73.2173256}, {'lat': -39.797378, 'lon': -73.2173386}, {'lat': -39.7973938, 'lon': -73.2172175}, {'lat': -39.7973354, 'lon': -73.2172046}, {'lat': -39.7973196, 'lon': -73.2173256}];-73.2173386;-39.7973938;-73.2172046;-39.7973196
way;;;;;;;;;;;Rotiseria Benjamin;;;warehouse;;;;;;;;[5262880255, 5262880256, 5262880257, 5262880258, 5262880255];;;544432114;-73.20660889999998;-39.80266634999999;[{'lat': -39.8026048, 'lon': -73.2066694}, {'lat': -39.8026304, 'lon': -73.2065201}, {'lat': -39.8027279, 'lon': -73.2065484}, {'lat': -39.8027023, 'lon': -73.2066977}, {'lat': -39.8026048, 'lon': -73.2066694}];-73.2066977;-39.8027279;-73.2065201;-39.8026048
way;;;;;;;;;;;El rincón Alemán;;;warehouse;Ángel Muñoz;Región de Los Ríos;;;Valdivia;CL;Valdivia;[5280290599, 5625198210, 5625198211, 5280290600, 5625198212, 5625198213, 5280290601, 5280290602, 5280290599];;;546405904;-73.22793527304233;-39.8327668806906;[{'lat': -39.8327207, 'lon': -73.2280576}, {'lat': -39.8327559, 'lon': -73.2280544}, {'lat': -39.8327532, 'lon': -73.2280045}, {'lat': -39.8328156, 'lon': -73.2279988}, {'lat': -39.832811, 'lon': -73.2279144}, {'lat': -39.8328419, 'lon': -73.2279115}, {'lat': -39.8328386, 'lon': -73.2278504}, {'lat': -39.8327102, 'lon': -73.2278621}, {'lat': -39.8327207, 'lon': -73.2280576}];-73.2280576;-39.8328419;-73.2278504;-39.8327102
way;;;;;;;;;;;Minimarket y Panaderia "Emanuel";;;warehouse;;;;;;;;[5280344661, 5280344662, 5280344663, 5280344664, 5280344661];;;546409983;-73.2257749816386;-39.83463728491193;[{'lat': -39.8345788, 'lon': -73.2258377}, {'lat': -39.8345732, 'lon': -73.2257224}, {'lat': -39.8346957, 'lon': -73.2257122}, {'lat': -39.8347014, 'lon': -73.2258276}, {'lat': -39.8345788, 'lon': -73.2258377}];-73.2258377;-39.8347014;-73.2257122;-39.8345732
way;;;;;;;;;;;;;;warehouse;;;;;;;;[5280344697, 5280344698, 5280344699, 5280344700, 5280344697];;;546409992;-73.22260467090587;-39.83379511354649;[{'lat': -39.8337451, 'lon': -73.2226727}, {'lat': -39.8337299, 'lon': -73.2225637}, {'lat': -39.8338452, 'lon': -73.2225367}, {'lat': -39.8338603, 'lon': -73.2226456}, {'lat': -39.8337451, 'lon': -73.2226727}];-73.2226727;-39.8338603;-73.2225367;-39.8337299
way;;;;;;;;;;;Iirek;;;warehouse;San Luis;Región de Los Ríos;;;Valdivia;CL;Valdivia;[5280403251, 9314296572, 9314296571, 5280403252, 5280403253, 5280403254, 5280403251];;;546413460;-73.22251446195185;-39.83274661362669;[{'lat': -39.8326978, 'lon': -73.2225785}, {'lat': -39.8327615, 'lon': -73.2225823}, {'lat': -39.8327602, 'lon': -73.22262}, {'lat': -39.8327852, 'lon': -73.2226214}, {'lat': -39.8327915, 'lon': -73.2224377}, {'lat': -39.8327029, 'lon': -73.2224324}, {'lat': -39.8326978, 'lon': -73.2225785}];-73.2226214;-39.8327915;-73.2224324;-39.8326978
way;;;;;;;;;;;;;;warehouse;Carlos Bischoff;Región de Los Ríos;;;Valdivia;CL;Valdivia;[5280403255, 5280403256, 9315877342, 9315877341, 5280403257, 5280403258, 5280403255];;;546413461;-73.22467739098005;-39.8318820518007;[{'lat': -39.8318504, 'lon': -73.2247472}, {'lat': -39.8318465, 'lon': -73.2245922}, {'lat': -39.8318762, 'lon': -73.224591}, {'lat': -39.8318771, 'lon': -73.224626}, {'lat': -39.8319186, 'lon': -73.2246242}, {'lat': -39.8319217, 'lon': -73.2247441}, {'lat': -39.8318504, 'lon': -73.2247472}];-73.2247472;-39.8319217;-73.224591;-39.8318465
way;;;;;;;;;;;Madel;;;warehouse;Koening;Región de Los Ríos;2195;;Valdivia;CL;Valdivia;[5280486921, 5280486922, 5280486923, 5280486924, 5280486921];;;546419666;-73.22508672108874;-39.82946734739264;[{'lat': -39.8294287, 'lon': -73.2251523}, {'lat': -39.8294843, 'lon': -73.2251663}, {'lat': -39.829506, 'lon': -73.2250212}, {'lat': -39.8294504, 'lon': -73.2250071}, {'lat': -39.8294287, 'lon': -73.2251523}];-73.2251663;-39.829506;-73.2250071;-39.8294287
way;;;;;;;;;;;Norte Grande;;;warehouse;;;;;;;;[5280575238, 5280575239, 5280575240, 5280575241, 5280575238];;;546425963;-73.21975289883825;-39.80696968294999;[{'lat': -39.8068828, 'lon': -73.2197591}, {'lat': -39.8069353, 'lon': -73.2196488}, {'lat': -39.8070566, 'lon': -73.2197467}, {'lat': -39.807004, 'lon': -73.219857}, {'lat': -39.8068828, 'lon': -73.2197591}];-73.219857;-39.8070566;-73.2196488;-39.8068828
way;;;;;;;;;;;Caja vecina;;;warehouse;Bombero Hernández;Región de Los Ríos;327;;Valdivia;CL;Valdivia;[5280688304, 5280688305, 5280688306, 5280688307, 5280688304];;;546432789;-73.22238323251031;-39.81040245503864;[{'lat': -39.8103198, 'lon': -73.2223967}, {'lat': -39.8104343, 'lon': -73.2224834}, {'lat': -39.8104851, 'lon': -73.2223697}, {'lat': -39.8103706, 'lon': -73.2222831}, {'lat': -39.8103198, 'lon': -73.2223967}];-73.2224834;-39.8104851;-73.2222831;-39.8103198
way;;;;;;;;;;;Rotisería La Pitufa;;;warehouse;Sedeño;Región de Los Ríos;329;;Valdivia;CL;Valdivia;[5280688308, 5280688309, 5280688310, 5280688311, 5280688308];;;546432790;-73.22256791850943;-39.81030286380469;[{'lat': -39.8102186, 'lon': -73.2225759}, {'lat': -39.8103235, 'lon': -73.2226746}, {'lat': -39.8103871, 'lon': -73.22256}, {'lat': -39.8102823, 'lon': -73.2224612}, {'lat': -39.8102186, 'lon': -73.2225759}];-73.2226746;-39.8103871;-73.2224612;-39.8102186
way;;;;;;;;;Mo-Su 10:00-23:00;;Almacén Fluvial;;;warehouse;Avenida Arturo Prat;;;;;;Valdivia;[7229044473, 7229044477, 7229044478, 7229044474, 7229044473];;;774867580;-73.24625526430604;-39.809485886921706;[{'lat': -39.8094941, 'lon': -73.2460966}, {'lat': -39.809433, 'lon': -73.2463921}, {'lat': -39.8094776, 'lon': -73.246414}, {'lat': -39.8095388, 'lon': -73.2461186}, {'lat': -39.8094941, 'lon': -73.2460966}];-73.246414;-39.8095388;-73.2460966;-39.809433
way;;;;;;;;;;;Provisiones Fehrman;;2;warehouse;General Baquedano;Región de Los Ríos;;;Valdivia;CL;Valdivia;[7256484247, 7256484248, 7256484249, 7256484250, 7256484247];;;777582168;-73.24513915;-39.8230624;[{'lat': -39.8230169, 'lon': -73.2451982}, {'lat': -39.8230088, 'lon': -73.2450931}, {'lat': -39.8231079, 'lon': -73.2450801}, {'lat': -39.823116, 'lon': -73.2451852}, {'lat': -39.8230169, 'lon': -73.2451982}];-73.2451982;-39.823116;-73.2450801;-39.8230088
way;;;;;;;;;;;Ordenes;;;warehouse;Errázuriz;Región de Los Ríos;;;Valdivia;CL;Valdivia;[8070166909, 8070166910, 8070166911, 8070166912, 8070166913, 8070166914, 8070166915, 8070166909];;;865793924;-73.22858927690139;-39.82455690041689;[{'lat': -39.8245182, 'lon': -73.2285274}, {'lat': -39.824573, 'lon': -73.2284541}, {'lat': -39.8246378, 'lon': -73.2285363}, {'lat': -39.8246378, 'lon': -73.2285661}, {'lat': -39.8245188, 'lon': -73.2287252}, {'lat': -39.824466, 'lon': -73.2286582}, {'lat': -39.8245417, 'lon': -73.2285571}, {'lat': -39.8245182, 'lon': -73.2285274}];-73.2287252;-39.8246378;-73.2284541;-39.824466
way;;;;;;;;;;;Francia Ltda.;;2;warehouse;General Baquedano;;1174;;;;Valdivia;[9615150124, 9615150127, 9615150128, 9615150129, 9615150130, 9615150131, 9615150125, 9615150124];;;1045118320;-73.23081614593016;-39.82312530459574;[{'lat': -39.8230859, 'lon': -73.2308879}, {'lat': -39.8230672, 'lon': -73.230743}, {'lat': -39.8231261, 'lon': -73.2307301}, {'lat': -39.8231351, 'lon': -73.2307995}, {'lat': -39.8231881, 'lon': -73.2307879}, {'lat': -39.8231979, 'lon': -73.2308633}, {'lat': -39.8231805, 'lon': -73.2308671}, {'lat': -39.8230859, 'lon': -73.2308879}];-73.2308879;-39.8231979;-73.2307301;-39.8230672
way;;;;no;mall;;;;;;Mall Paseo Valdivia;;;retail;Avenida Ramón Picarte;;442;;;;Valdivia;[5200168233, 5200168227, 5200168264, 5200168243, 12015267865, 5200168233];;;536916399;-73.24352901421328;-39.81385261496032;[{'lat': -39.813352, 'lon': -73.2437281}, {'lat': -39.8134404, 'lon': -73.2430862}, {'lat': -39.8143565, 'lon': -73.2433001}, {'lat': -39.8142639, 'lon': -73.2439723}, {'lat': -39.8133837, 'lon': -73.2437666}, {'lat': -39.813352, 'lon': -73.2437281}];-73.2439723;-39.8143565;-73.2430862;-39.813352
way;;;;;;;;;;;;;;retail;Gabriela Mistral;;;;;;Valdivia;[9762757990, 9762757991, 9762758006, 9762757992, 9762757993, 9762757994, 9762757995, 9762757996, 9762757997, 9762757998, 9762757999, 9762758000, 9762758001, 11620341082, 11620341083, 9762758002, 9762757990];;;1062725368;-73.21681135388833;-39.842409340297394;[{'lat': -39.842377, 'lon': -73.2170442}, {'lat': -39.8422969, 'lon': -73.21653}, {'lat': -39.8423167, 'lon': -73.2165241}, {'lat': -39.8424027, 'lon': -73.216502}, {'lat': -39.8424353, 'lon': -73.2167184}, {'lat': -39.8424651, 'lon': -73.2167108}, {'lat': -39.8424733, 'lon': -73.2167655}, {'lat': -39.8424419, 'lon': -73.2167735}, {'lat': -39.8424479, 'lon': -73.2168139}, {'lat': -39.8424708, 'lon': -73.2168081}, {'lat': -39.8424764, 'lon': -73.2168454}, {'lat': -39.8425025, 'lon': -73.2168388}, {'lat': -39.8425344, 'lon': -73.2170655}, {'lat': -39.842486, 'lon': -73.2170785}, {'lat': -39.8424807, 'lon': -73.2170488}, {'lat': -39.842402, 'lon': -73.2170691}, {'lat': -39.842377, 'lon': -73.2170442}];-73.2170785;-39.8425344;-73.216502;-39.8422969
way;;;;;;;;;;;;;2;retail;Valle Hondo;;;;;;Valdivia;[11628458700, 11628458701, 11628458702, 11628458703, 11628458704, 11628458705, 11647203624, 11628458700];;;1250966787;-73.21651528295001;-39.83680501919844;[{'lat': -39.8369703, 'lon': -73.2163864}, {'lat': -39.8369079, 'lon': -73.2163019}, {'lat': -39.8366446, 'lon': -73.2166315}, {'lat': -39.8367223, 'lon': -73.2167367}, {'lat': -39.8367582, 'lon': -73.2166917}, {'lat': -39.836743, 'lon': -73.2166711}, {'lat': -39.8369692, 'lon': -73.2163877}, {'lat': -39.8369703, 'lon': -73.2163864}];-73.2167367;-39.8369703;-73.2163019;-39.8366446
