_type;_tags_wheelchair;_tags_toilets:wheelchair;_tags_shop;_tags_name;_tags_building;_tags_brand:wikidata;_tags_brand;_tags_amenity;_tags_addr:street;_tags_addr:housenumber;_tags_addr:housename;_tags_addr:district;_tags_addr:country;_tags_addr:city;_nodes;_lon;_lat;_id;_geometry_centroid_lon;_geometry_centroid_lat;_geometry;_bounds_minlon;_bounds_minlat;_bounds_maxlon;_bounds_maxlat
node;yes;no;supermarket;Jumbo;;Q6310864;Jumbo;;Avenida Alemania;0671;Portal Temuco;Temuco;CL;Temuco;;-72.6105148;-38.7345169;474049878;;;;;;;
node;;;supermarket;Santa Isabel;;;;;Avenida Pablo Neruda;02050;;Temuco;CL;Temuco;;-72.6318518;-38.7387463;988929036;;;;;;;
node;;;supermarket;Unimarc;;Q6156244;Unimarc;;Avenida Javiera Carrera;1610;;Temuco;CL;Temuco;;-72.6319175;-38.742907;1093024485;;;;;;;
node;;;supermarket;Duck Market;;;;;Avenida Andes;480;;;;Temuco;;-72.6213991;-38.7307705;1130744065;;;;;;;
node;;;supermarket;Manhattan;;;;;;;;;;;;-72.6266052;-38.7304054;1130744590;;;;;;;
node;;;supermarket;Unimarc;;Q6156244;Unimarc;;Avenida Las Encinas;02690;Centro Comercial Barrio Inglés;Temuco;CL;Temuco;;-72.6428176;-38.740907;3791581720;;;;;;;
node;;;supermarket;DeliMarket;;;;;Claro Solar;625;;Temuco;CL;Temuco;;-72.5929005;-38.7389487;3936302675;;;;;;;
node;;;supermarket;Lider Express;;;;;Avenida Rudecindo Ortega;01575;;Temuco;CL;Temuco;;-72.5656758;-38.7180756;3973942102;;;;;;;
node;;;supermarket;Unimarc;;;;;Avenida Alemania;849;;Temuco;CL;Temuco;;-72.6141412;-38.7330577;4101065289;;;;;;;
node;;;supermarket;Super Oferta;;;;;Avenida Barros Arana;09;;Temuco;CL;Temuco;;-72.577251;-38.7348888;4220388391;;;;;;;
node;;;supermarket;Supermercado San Luis;;;;;;;;;;;;-72.6356434;-38.760724;4280296313;;;;;;;
node;;;supermarket;La naranja;;;;;;;;;;;;-72.6190649;-38.7203228;4444574792;;;;;;;
node;;;supermarket;;;;;;;;;;;;;-72.5788269;-38.7802161;4569262195;;;;;;;
node;;;supermarket;Trébol;;;;;General Aldunate;485;;Temuco;CL;Temuco;;-72.5875775;-38.7385061;4768429021;;;;;;;
node;;;supermarket;Delimarket;;;;;Manuel Montt;;;Temuco;CL;Temuco;;-72.5981627;-38.7373659;4799971222;;;;;;;
node;;;supermarket;El Trébol;;;;;Villa Alegre;774;;Padre Las Casas;CL;Padre Las Casas;;-72.5932599;-38.7567941;5020320228;;;;;;;
node;;;supermarket;El Trébol;;;;;Manuel Bulnes;13;;Temuco;CL;Temuco;;-72.5876784;-38.7336175;5164281222;;;;;;;
node;;;supermarket;El Trébol;;;;;Vicuña Mackenna;450;;Temuco;CL;Temuco;;-72.5917703;-38.7376146;5167327623;;;;;;;
node;;;supermarket;A.T.R;;;;;Enrique Mac Iver;1945;;Padre Las Casas;CL;Padre Las Casas;;-72.6044591;-38.7658704;5171511025;;;;;;;
node;;;supermarket;Supermercado M&M;;;;;;;;;;;;-72.6089433;-38.7628072;5171890421;;;;;;;
node;;;supermarket;Deli Market;;;;;;;;;;;;-72.5886392;-38.7406617;11867047297;;;;;;;
way;;;supermarket;Mayorista 10;;;;;Francisco Salazar;01650;;Temuco;CL;Temuco;[1041482863, 8494103017, 658744830, 8494090911, 8494103026, 658744827, 658744828, 12095286269, 8494103025, 12094491029, 8494103024, 658744831, 1041482863];;;51519343;-72.61827847111567;-38.75358922874183;[{'lat': -38.7536045, 'lon': -72.616984}, {'lat': -38.7535687, 'lon': -72.6170218}, {'lat': -38.7530109, 'lon': -72.6185255}, {'lat': -38.7530271, 'lon': -72.6185442}, {'lat': -38.7532902, 'lon': -72.6188477}, {'lat': -38.7539682, 'lon': -72.619699}, {'lat': -38.7539788, 'lon': -72.6196683}, {'lat': -38.7539578, 'lon': -72.6193969}, {'lat': -38.7539279, 'lon': -72.6187712}, {'lat': -38.7539245, 'lon': -72.618734}, {'lat': -38.7538277, 'lon': -72.6170036}, {'lat': -38.7538251, 'lon': -72.6169574}, {'lat': -38.7536045, 'lon': -72.616984}];-72.619699;-38.7539788;-72.6169574;-38.7530109
way;;;supermarket;Lider;yes;Q6711261;Lider;;Avenida General Prieto Norte;0320;;;;;[1095132360, 1095132357, 8486116085, 8486116084, 1095132330, 1095132510, 5427066847, 1095132360];;;94237032;-72.60039402380438;-38.72886772845266;[{'lat': -38.729101, 'lon': -72.6013842}, {'lat': -38.7294409, 'lon': -72.5997181}, {'lat': -38.7293114, 'lon': -72.5996747}, {'lat': -38.7293246, 'lon': -72.5996099}, {'lat': -38.7286342, 'lon': -72.5994128}, {'lat': -38.7282873, 'lon': -72.6011114}, {'lat': -38.7282994, 'lon': -72.6011154}, {'lat': -38.729101, 'lon': -72.6013842}];-72.6013842;-38.7294409;-72.5994128;-38.7282873
way;;;supermarket;Santa Isabel;yes;Q7419620;Santa Isabel;;Avenida Los Creadores;0191;;;;Temuco;[7951844339, 7951844338, 1489264762, 7951844355, 1489264745, 1489264653, 1489264646, 3273018282, 3273018283, 8522260788, 8522271738, 7951844339];;;135623146;-72.65090614156706;-38.71743425113853;[{'lat': -38.7172485, 'lon': -72.6512683}, {'lat': -38.71775, 'lon': -72.6511167}, {'lat': -38.7177803, 'lon': -72.6511075}, {'lat': -38.7177476, 'lon': -72.6509303}, {'lat': -38.7176712, 'lon': -72.6505146}, {'lat': -38.7171031, 'lon': -72.6506864}, {'lat': -38.7171846, 'lon': -72.6511287}, {'lat': -38.7171633, 'lon': -72.6511352}, {'lat': -38.717177, 'lon': -72.6512097}, {'lat': -38.7171018, 'lon': -72.6512356}, {'lat': -38.7171156, 'lon': -72.6513138}, {'lat': -38.7172485, 'lon': -72.6512683}];-72.6513138;-38.7177803;-72.6505146;-38.7171018
way;;;supermarket;Unimarc;yes;Q6156244;Unimarc;;;;;;;;[2041249084, 2041249086, 8498115632, 2041249089, 2041249103, 2041249101, 2041249098, 2041249096, 2041249080, 2041249084];;;194238983;-72.6113028808954;-38.73895855975645;[{'lat': -38.7387191, 'lon': -72.6115003}, {'lat': -38.7387859, 'lon': -72.6110921}, {'lat': -38.738828, 'lon': -72.6108313}, {'lat': -38.7388667, 'lon': -72.610794}, {'lat': -38.7389937, 'lon': -72.6108305}, {'lat': -38.7389189, 'lon': -72.6112998}, {'lat': -38.7390724, 'lon': -72.61134}, {'lat': -38.7392907, 'lon': -72.6113987}, {'lat': -38.7392507, 'lon': -72.6116433}, {'lat': -38.7387191, 'lon': -72.6115003}];-72.6116433;-38.7392907;-72.610794;-38.7387191
way;;;supermarket;Unimarc;;;;;Bernardo O'Higgins;0160;;Temuco;CL;Temuco;[2525368514, 3232202223, 2525368518, 3232202225, 2525368519, 2525368507, 3232208670, 2525368515, 8486408321, 8486408320, 2525368504, 2525368514];;;245318932;-72.60541775729924;-38.74188869841124;[{'lat': -38.7419363, 'lon': -72.6062382}, {'lat': -38.7419953, 'lon': -72.6058197}, {'lat': -38.7420265, 'lon': -72.6055896}, {'lat': -38.7421814, 'lon': -72.6056241}, {'lat': -38.7424642, 'lon': -72.6056996}, {'lat': -38.7424863, 'lon': -72.6054809}, {'lat': -38.7418006, 'lon': -72.6045255}, {'lat': -38.7417011, 'lon': -72.6043913}, {'lat': -38.7416809, 'lon': -72.604588}, {'lat': -38.7416352, 'lon': -72.6049612}, {'lat': -38.7414709, 'lon': -72.606121}, {'lat': -38.7419363, 'lon': -72.6062382}];-72.6062382;-38.7424863;-72.6043913;-38.7414709
way;;;supermarket;Santa Isabel;yes;Q7419620;Santa Isabel;;;;;;;;[1197691885, 3232275019, 3232275020, 3232275021, 3232275022, 3232275023, 3232275024, 3232275025, 2899438399, 3232281062, 1197691885];;;317017789;-72.6083929334633;-38.74612998120901;[{'lat': -38.7459946, 'lon': -72.6081176}, {'lat': -38.7459263, 'lon': -72.6080904}, {'lat': -38.7458831, 'lon': -72.6082655}, {'lat': -38.7458596, 'lon': -72.608256}, {'lat': -38.7457839, 'lon': -72.6085631}, {'lat': -38.7458746, 'lon': -72.6085998}, {'lat': -38.7459011, 'lon': -72.6084925}, {'lat': -38.7463744, 'lon': -72.6086843}, {'lat': -38.7464668, 'lon': -72.6083095}, {'lat': -38.7464313, 'lon': -72.6082949}, {'lat': -38.7459946, 'lon': -72.6081176}];-72.6086843;-38.7464668;-72.6080904;-38.7457839
way;;;supermarket;Lider;;;;;Avenida Barros Arana;308;;Temuco;CL;Temuco;[3307020126, 4257604108, 4257604109, 4257604111, 4257604110, 3307020127, 10008319891, 4257604113, 3307020128, 3307020129, 3307020126];;;323931835;-72.57411262120493;-38.73187723349224;[{'lat': -38.7315448, 'lon': -72.5745705}, {'lat': -38.7312158, 'lon': -72.5744859}, {'lat': -38.731266, 'lon': -72.574152}, {'lat': -38.7314167, 'lon': -72.5739562}, {'lat': -38.7313079, 'lon': -72.5737014}, {'lat': -38.7317421, 'lon': -72.5732043}, {'lat': -38.7318821, 'lon': -72.5733897}, {'lat': -38.7326117, 'lon': -72.5743562}, {'lat': -38.7326326, 'lon': -72.5744839}, {'lat': -38.7324108, 'lon': -72.5747654}, {'lat': -38.7315448, 'lon': -72.5745705}];-72.5747654;-38.7326326;-72.5732043;-38.7312158
way;yes;;supermarket;Santa Isabel;yes;;;;;;;;;;[3330544763, 3330544765, 3330544766, 3330544754, 3330544757, 4751479828, 3330544761, 3330544758, 3330544759, 3330544763];;;326417921;-72.58504214470445;-38.73742858048226;[{'lat': -38.737079, 'lon': -72.5852883}, {'lat': -38.7371341, 'lon': -72.5848705}, {'lat': -38.737162, 'lon': -72.5846592}, {'lat': -38.737768, 'lon': -72.5847907}, {'lat': -38.7377156, 'lon': -72.5851871}, {'lat': -38.7378083, 'lon': -72.5852072}, {'lat': -38.737799, 'lon': -72.5852774}, {'lat': -38.737702, 'lon': -72.5852564}, {'lat': -38.7376806, 'lon': -72.5854187}, {'lat': -38.737079, 'lon': -72.5852883}];-72.5854187;-38.7378083;-72.5846592;-38.737079
way;;;supermarket;Santa Isabel;yes;;;;;;;;;;[3427997089, 3427997090, 3427997091, 3427997092, 3428063193, 3428063194, 3428063195, 3427997089];;;335697806;-72.5863153189036;-38.73924822151911;[{'lat': -38.7390775, 'lon': -72.5864303}, {'lat': -38.7394416, 'lon': -72.586527}, {'lat': -38.7394686, 'lon': -72.5863669}, {'lat': -38.7393785, 'lon': -72.5863429}, {'lat': -38.7394053, 'lon': -72.5861779}, {'lat': -38.7390943, 'lon': -72.586095}, {'lat': -38.7390503, 'lon': -72.5863659}, {'lat': -38.7390775, 'lon': -72.5864303}];-72.586527;-38.7394686;-72.586095;-38.7390503
way;;;supermarket;Acuenta;;;;;Avenida Maquehue;1281;;Padre Las Casas;CL;Padre Las Casas;[8450765082, 8450765076, 8450765080, 8450765085, 8450765079, 5364536828, 5364536829, 8450765083, 8450765082];;;337424560;-72.59678364473102;-38.77181463294762;[{'lat': -38.7713795, 'lon': -72.5972486}, {'lat': -38.7713941, 'lon': -72.5973183}, {'lat': -38.771438, 'lon': -72.5973679}, {'lat': -38.7722506, 'lon': -72.5973464}, {'lat': -38.7722421, 'lon': -72.5969683}, {'lat': -38.7722224, 'lon': -72.5961924}, {'lat': -38.7713885, 'lon': -72.5962159}, {'lat': -38.7713962, 'lon': -72.5970273}, {'lat': -38.7713795, 'lon': -72.5972486}];-72.5973679;-38.7722506;-72.5961924;-38.7713795
way;;;supermarket;Acuenta;;;;;Avenida Pedro de Valdivia;02195;;Temuco;CL;Temuco;[3445398111, 8522106731, 3445398112, 3445398113, 3445398114, 3445398115, 8522106727, 8522106726, 3445398116, 3445398111];;;337451474;-72.62717451148359;-38.7161562846293;[{'lat': -38.7155873, 'lon': -72.6273674}, {'lat': -38.7162031, 'lon': -72.6276085}, {'lat': -38.7163486, 'lon': -72.6276983}, {'lat': -38.7167179, 'lon': -72.6269004}, {'lat': -38.7161545, 'lon': -72.6266621}, {'lat': -38.7160749, 'lon': -72.6270081}, {'lat': -38.7158462, 'lon': -72.6269477}, {'lat': -38.715727, 'lon': -72.626902}, {'lat': -38.7156773, 'lon': -72.6268739}, {'lat': -38.7155873, 'lon': -72.6273674}];-72.6276983;-38.7167179;-72.6266621;-38.7155873
way;;;supermarket;Jumbo;commercial;Q6310864;Jumbo;;Avenida Los Pablos;1800;;;;Temuco;[3791581722, 3791581728, 3791581723, 7762479753, 7762479754, 3791581725, 3791581721, 7762479755, 7762479756, 3791581724, 3791581722];;;375822999;-72.63789644234974;-38.743708214123274;[{'lat': -38.7433955, 'lon': -72.6377321}, {'lat': -38.7432942, 'lon': -72.6377901}, {'lat': -38.7435322, 'lon': -72.6384738}, {'lat': -38.7438618, 'lon': -72.6382852}, {'lat': -38.7439031, 'lon': -72.6382616}, {'lat': -38.7441487, 'lon': -72.638121}, {'lat': -38.7438756, 'lon': -72.6373364}, {'lat': -38.7438221, 'lon': -72.637367}, {'lat': -38.743811, 'lon': -72.6373351}, {'lat': -38.7433493, 'lon': -72.6375993}, {'lat': -38.7433955, 'lon': -72.6377321}];-72.6384738;-38.7441487;-72.6373351;-38.7432942
way;;;supermarket;Supermercado el Trebol;;;;;Avenida Rudecindo Ortega;01900;;Temuco;CL;Temuco;[3973958657, 3973954553, 3973958667, 1408975424, 3973958657];;;394380459;-72.55928458393274;-38.71060643050063;[{'lat': -38.7107177, 'lon': -72.5587522}, {'lat': -38.7110023, 'lon': -72.5590687}, {'lat': -38.7105022, 'lon': -72.5598245}, {'lat': -38.7102108, 'lon': -72.559478}, {'lat': -38.7107177, 'lon': -72.5587522}];-72.5598245;-38.7110023;-72.5587522;-38.7102108
way;;;supermarket;El Trébol;;;;;Avenida Barros Arana;06551;;Temuco;CL;Temuco;[4006200489, 4006200507, 4006200520, 4006200535, 4006200547, 4006200560, 4006200573, 4006200586, 4006201128, 4006201139, 4006201147, 4006201143, 8528843105, 4006200489];;;397830561;-72.52705025476102;-38.69445541355471;[{'lat': -38.6940946, 'lon': -72.5267793}, {'lat': -38.6941157, 'lon': -72.5268718}, {'lat': -38.6941362, 'lon': -72.5269623}, {'lat': -38.6941545, 'lon': -72.5270427}, {'lat': -38.6941749, 'lon': -72.5271324}, {'lat': -38.6941949, 'lon': -72.5272206}, {'lat': -38.6942158, 'lon': -72.5273125}, {'lat': -38.6942553, 'lon': -72.5274923}, {'lat': -38.6948044, 'lon': -72.5272892}, {'lat': -38.6948515, 'lon': -72.5272445}, {'lat': -38.6948536, 'lon': -72.5272236}, {'lat': -38.6948501, 'lon': -72.5271893}, {'lat': -38.6945757, 'lon': -72.526611}, {'lat': -38.6940946, 'lon': -72.5267793}];-72.5274923;-38.6948536;-72.526611;-38.6940946
way;;;supermarket;Supermercado El Águila;yes;;;;;;;;;;[4032400612, 4032400613, 4032400614, 4032400615, 4032400612];;;400709369;-72.5974526530283;-38.75934076342221;[{'lat': -38.759327, 'lon': -72.5975547}, {'lat': -38.7592649, 'lon': -72.5974238}, {'lat': -38.7593546, 'lon': -72.5973512}, {'lat': -38.7594167, 'lon': -72.5974804}, {'lat': -38.759327, 'lon': -72.5975547}];-72.5975547;-38.7594167;-72.5973512;-38.7592649
way;;;supermarket;Santa Isabel;;Q7419620;Santa Isabel;;Avenida Maquehue;850;;Padre Las Casas;CL;Padre Las Casas;[4032434094, 4033418011, 4033418008, 4033418006, 4032434095, 4033418000, 4033417999, 4032434096, 8458293701, 4032434097, 4032434098, 4033418016, 9162480922, 4033418015, 4032434094];;;400713948;-72.59673685383567;-38.76756643707645;[{'lat': -38.7679512, 'lon': -72.5962346}, {'lat': -38.7677199, 'lon': -72.5961317}, {'lat': -38.7675927, 'lon': -72.5960751}, {'lat': -38.7675471, 'lon': -72.5960548}, {'lat': -38.7674903, 'lon': -72.5960295}, {'lat': -38.7673598, 'lon': -72.5961424}, {'lat': -38.767311, 'lon': -72.5961846}, {'lat': -38.7669747, 'lon': -72.5964728}, {'lat': -38.7671667, 'lon': -72.5968264}, {'lat': -38.7675631, 'lon': -72.5975854}, {'lat': -38.7679791, 'lon': -72.5972335}, {'lat': -38.7679751, 'lon': -72.5970314}, {'lat': -38.7679736, 'lon': -72.5969806}, {'lat': -38.767963, 'lon': -72.5966276}, {'lat': -38.7679512, 'lon': -72.5962346}];-72.5975854;-38.7679791;-72.5960295;-38.7669747
way;;;supermarket;Santa Isabel;;Q7419620;Santa Isabel;;;;;;;;[4146828275, 4146828270, 2573628416, 10001344242, 4146828276, 4146828269, 4146828279, 4146828275];;;413350087;-72.59662494248113;-38.73709750740292;[{'lat': -38.7372869, 'lon': -72.596925}, {'lat': -38.737345, 'lon': -72.5965663}, {'lat': -38.7372784, 'lon': -72.5964091}, {'lat': -38.7371725, 'lon': -72.5963801}, {'lat': -38.7370756, 'lon': -72.5963536}, {'lat': -38.7369201, 'lon': -72.596314}, {'lat': -38.7368433, 'lon': -72.5968151}, {'lat': -38.7372869, 'lon': -72.596925}];-72.596925;-38.737345;-72.596314;-38.7368433
way;;;supermarket;Cugat;yes;;;;;;;;;;[4257604127, 4257604129, 4257604131, 4257604130, 4257604127];;;426439021;-72.58133725;-38.7385969;[{'lat': -38.738341, 'lon': -72.5812813}, {'lat': -38.7384937, 'lon': -72.5810319}, {'lat': -38.7388528, 'lon': -72.5813932}, {'lat': -38.7387001, 'lon': -72.5816426}, {'lat': -38.738341, 'lon': -72.5812813}];-72.5816426;-38.7388528;-72.5810319;-38.738341
way;;;supermarket;Supermercado Acuenta;;;;;Manuel Antonio Matta;025;;Temuco;CL;Temuco;[4259624162, 4259624161, 4259624155, 4147370469, 4147370471, 4147370465, 4147370463, 4147370466, 4147370477, 4147370458, 4147370462, 4147370467, 4147370470, 4259624156, 4259624162];;;426693011;-72.58065830804635;-38.733763813415734;[{'lat': -38.7341729, 'lon': -72.580696}, {'lat': -38.7341443, 'lon': -72.5808883}, {'lat': -38.7339664, 'lon': -72.5808438}, {'lat': -38.7339491, 'lon': -72.5809476}, {'lat': -38.7333906, 'lon': -72.5807948}, {'lat': -38.7334425, 'lon': -72.5804827}, {'lat': -38.7335432, 'lon': -72.5805103}, {'lat': -38.7335655, 'lon': -72.580376}, {'lat': -38.7337142, 'lon': -72.5804167}, {'lat': -38.7337275, 'lon': -72.5803369}, {'lat': -38.7339792, 'lon': -72.5804057}, {'lat': -38.7339492, 'lon': -72.5805863}, {'lat': -38.7340066, 'lon': -72.5806021}, {'lat': -38.733998, 'lon': -72.5806536}, {'lat': -38.7341729, 'lon': -72.580696}];-72.5809476;-38.7341729;-72.5803369;-38.7333906
way;;;supermarket;Alvi;;;;;Avenida Balmaceda;1531;;Temuco;CL;Temuco;[4259624157, 4259624165, 4259624166, 4259624169, 4259624170, 4259624168, 8865869972, 4259624159, 8865869973, 8865869974, 4259624157];;;426693012;-72.578384211672;-38.734283477668335;[{'lat': -38.7340279, 'lon': -72.5786334}, {'lat': -38.7343565, 'lon': -72.5787036}, {'lat': -38.7343979, 'lon': -72.5784056}, {'lat': -38.734516, 'lon': -72.578429}, {'lat': -38.7345415, 'lon': -72.5782293}, {'lat': -38.734488, 'lon': -72.5781278}, {'lat': -38.7342822, 'lon': -72.5780675}, {'lat': -38.7342306, 'lon': -72.5780523}, {'lat': -38.7341801, 'lon': -72.5783122}, {'lat': -38.7340797, 'lon': -72.5782988}, {'lat': -38.7340279, 'lon': -72.5786334}];-72.5787036;-38.7345415;-72.5780523;-38.7340279
way;;;supermarket;Don Mario;;;;;Avenida Manuel Recabarren;;;Temuco;CL;Temuco;[4337893022, 4337893023, 4337893024, 4337893025, 4337893022];;;435896317;-72.63892450345114;-38.7556849201331;[{'lat': -38.7555866, 'lon': -72.6389502}, {'lat': -38.7556057, 'lon': -72.6388456}, {'lat': -38.7557832, 'lon': -72.6388988}, {'lat': -38.7557642, 'lon': -72.6390034}, {'lat': -38.7555866, 'lon': -72.6389502}];-72.6390034;-38.7557832;-72.6388456;-38.7555866
way;;;supermarket;Mimimarket Oasis;yes;;;;;;;;;;[4337901924, 4337901925, 4337901926, 4337901927, 4337901924];;;435897342;-72.63636009648494;-38.74886612683956;[{'lat': -38.7488245, 'lon': -72.6363882}, {'lat': -38.748865, 'lon': -72.636429}, {'lat': -38.7488995, 'lon': -72.6363672}, {'lat': -38.7488792, 'lon': -72.6362714}, {'lat': -38.7488245, 'lon': -72.6363882}];-72.636429;-38.7488995;-72.6362714;-38.7488245
way;;;supermarket;El Trébol;yes;;;;;;;;;;[5416523023, 5416520177, 5416520208, 5416520195, 5416520203, 5416520217, 5416520215, 5416523023];;;561785585;-72.58057238038006;-38.736010135456844;[{'lat': -38.7358479, 'lon': -72.5808137}, {'lat': -38.7358794, 'lon': -72.5806164}, {'lat': -38.7358995, 'lon': -72.580488}, {'lat': -38.7359134, 'lon': -72.5803981}, {'lat': -38.7359341, 'lon': -72.5802692}, {'lat': -38.7361732, 'lon': -72.5803333}, {'lat': -38.7360853, 'lon': -72.5808752}, {'lat': -38.7358479, 'lon': -72.5808137}];-72.5808752;-38.7361732;-72.5802692;-38.7358479
way;;;supermarket;Super 10;yes;;;;;;;;;;[5416523024, 5416520163, 5416520155, 5416520215, 5416520217, 5416520201, 5416520179, 5416523024];;;561785591;-72.58069581906965;-38.73624018790248;[{'lat': -38.7363023, 'lon': -72.5810708}, {'lat': -38.7360904, 'lon': -72.5810135}, {'lat': -38.7361117, 'lon': -72.5808823}, {'lat': -38.7360853, 'lon': -72.5808752}, {'lat': -38.7361732, 'lon': -72.5803333}, {'lat': -38.7364101, 'lon': -72.5803948}, {'lat': -38.7363177, 'lon': -72.5809587}, {'lat': -38.7363023, 'lon': -72.5810708}];-72.5810708;-38.7364101;-72.5803333;-38.7360853
way;;;supermarket;Mayorista 10;yes;;;;;;;;;Temuco;[5416520946, 5416520947, 5416520945, 5416520944, 5416520942, 5416520941, 5416520939, 7278860623, 7278860624, 7278860625, 7278860626, 5416520946];;;561785710;-72.58341003969903;-38.735606981452996;[{'lat': -38.7354104, 'lon': -72.5833787}, {'lat': -38.7355071, 'lon': -72.5828297}, {'lat': -38.7360842, 'lon': -72.5829835}, {'lat': -38.7360169, 'lon': -72.5833987}, {'lat': -38.735954, 'lon': -72.5833819}, {'lat': -38.7359284, 'lon': -72.5835403}, {'lat': -38.7356999, 'lon': -72.5834766}, {'lat': -38.7356196, 'lon': -72.5840473}, {'lat': -38.7352214, 'lon': -72.5839337}, {'lat': -38.7351747, 'lon': -72.5838535}, {'lat': -38.7352629, 'lon': -72.5833454}, {'lat': -38.7354104, 'lon': -72.5833787}];-72.5840473;-38.7360842;-72.5828297;-38.7351747
way;;;supermarket;Mayorista 10;yes;;;;;;;;;;[5852214633, 5852214634, 5852214635, 5852214636, 5852214633];;;619273283;-72.62426565333232;-38.71703936903099;[{'lat': -38.716752, 'lon': -72.6243326}, {'lat': -38.7168429, 'lon': -72.6239887}, {'lat': -38.7173267, 'lon': -72.6241987}, {'lat': -38.7172359, 'lon': -72.6245426}, {'lat': -38.716752, 'lon': -72.6243326}];-72.6245426;-38.7173267;-72.6239887;-38.716752
way;;;supermarket;Unimarc;yes;Q6156244;Unimarc;;Aníbal Pinto;130;;Temuco;CL;Temuco;[7278860641, 7278860642, 7278860644, 7278860645, 7278860646, 7278860647, 7278860648, 7278860649, 7278860650, 7278860651, 7278860641];;;779482930;-72.58039239494803;-38.735338628125554;[{'lat': -38.7350599, 'lon': -72.5806328}, {'lat': -38.735151, 'lon': -72.5800877}, {'lat': -38.7356424, 'lon': -72.5802094}, {'lat': -38.7355789, 'lon': -72.5806044}, {'lat': -38.7354629, 'lon': -72.5805797}, {'lat': -38.7354215, 'lon': -72.5806292}, {'lat': -38.735358, 'lon': -72.5806221}, {'lat': -38.7353332, 'lon': -72.5806646}, {'lat': -38.7352752, 'lon': -72.5806434}, {'lat': -38.7352642, 'lon': -72.5806929}, {'lat': -38.7350599, 'lon': -72.5806328}];-72.5806929;-38.7356424;-72.5800877;-38.7350599
way;;;supermarket;Cugat;yes;;;;;;;;;;[7278860652, 7278860653, 7278860654, 7278860655, 7278860656, 7278860657, 7278860658, 7278860659, 7278860652];;;779482931;-72.58087982876498;-38.73706815348724;[{'lat': -38.7369993, 'lon': -72.5805345}, {'lat': -38.7373291, 'lon': -72.5806321}, {'lat': -38.7372324, 'lon': -72.5811118}, {'lat': -38.7371896, 'lon': -72.5810996}, {'lat': -38.7371753, 'lon': -72.5811789}, {'lat': -38.7366858, 'lon': -72.5810526}, {'lat': -38.7367076, 'lon': -72.5809208}, {'lat': -38.7369264, 'lon': -72.5809736}, {'lat': -38.7369993, 'lon': -72.5805345}];-72.5811789;-38.7373291;-72.5805345;-38.7366858
way;;;supermarket;Lider Express Amanecer;;Q6711261;Lider;;Avenida Manuel Recabarren;02320;;Temuco;CL;Temuco;[7952685759, 7952685773, 7952685774, 7952685775, 7952685776, 7952685777, 7952685778, 7952685779, 7952685780, 7952685781, 7952685782, 7952685783, 7952685758, 7952685757, 7952685784, 7952685785, 7952685737, 7952685738, 7952685731, 7952685786, 7952685787, 7952685760, 7952685759];;;852529071;-72.64012772212276;-38.757265083986134;[{'lat': -38.757166, 'lon': -72.6404765}, {'lat': -38.7576592, 'lon': -72.640684}, {'lat': -38.7577029, 'lon': -72.640684}, {'lat': -38.7577562, 'lon': -72.6406622}, {'lat': -38.7577999, 'lon': -72.640628}, {'lat': -38.7578242, 'lon': -72.640572}, {'lat': -38.7578388, 'lon': -72.6405284}, {'lat': -38.7579601, 'lon': -72.6400336}, {'lat': -38.7579552, 'lon': -72.6399932}, {'lat': -38.757931, 'lon': -72.6399278}, {'lat': -38.7579018, 'lon': -72.6399029}, {'lat': -38.7578654, 'lon': -72.6398936}, {'lat': -38.757262, 'lon': -72.6397764}, {'lat': -38.7568746, 'lon': -72.6396984}, {'lat': -38.7565574, 'lon': -72.639619}, {'lat': -38.756528, 'lon': -72.6397817}, {'lat': -38.7565382, 'lon': -72.6398772}, {'lat': -38.7565887, 'lon': -72.6400545}, {'lat': -38.7566399, 'lon': -72.6402344}, {'lat': -38.756664, 'lon': -72.6403076}, {'lat': -38.7567198, 'lon': -72.6402881}, {'lat': -38.7567978, 'lon': -72.6403102}, {'lat': -38.757166, 'lon': -72.6404765}];-72.640684;-38.7579601;-72.639619;-38.756528
way;;;supermarket;Cross Market;yes;;;;;;;;;;[1999553441, 8442651930, 939141316, 1999553435, 8442651931, 8442651932, 8442651933, 1999553441];;;909288956;-72.57905453777481;-38.73531656537376;[{'lat': -38.735537, 'lon': -72.5790034}, {'lat': -38.7356253, 'lon': -72.5790489}, {'lat': -38.7355965, 'lon': -72.579238}, {'lat': -38.7354786, 'lon': -72.5791999}, {'lat': -38.7350016, 'lon': -72.5790774}, {'lat': -38.7350409, 'lon': -72.5788801}, {'lat': -38.7351747, 'lon': -72.5789116}, {'lat': -38.735537, 'lon': -72.5790034}];-72.579238;-38.7356253;-72.5788801;-38.7350016
way;;;supermarket;Unimarc;;Q6156244;Unimarc;;Avenida Maquehue;1222;;Padre Las Casas;CL;Padre Las Casas;[3445166011, 3445166018, 3445166012, 3445166016, 8450765075, 3445166009, 3445166010, 11681973455, 3445166011];;;910156936;-72.5978763911173;-38.771775019942545;[{'lat': -38.7722488, 'lon': -72.5974676}, {'lat': -38.771684, 'lon': -72.5974959}, {'lat': -38.7713635, 'lon': -72.5975141}, {'lat': -38.771383, 'lon': -72.5980779}, {'lat': -38.7713831, 'lon': -72.598123}, {'lat': -38.7713892, 'lon': -72.5983087}, {'lat': -38.7720899, 'lon': -72.5982789}, {'lat': -38.7722412, 'lon': -72.5975066}, {'lat': -38.7722488, 'lon': -72.5974676}];-72.5983087;-38.7722488;-72.5974676;-38.7713635
way;;;supermarket;El Trébol;;;;;Avenida Manuel Recabarren;01515;;Temuco;CL;Temuco;[8491503780, 12095286273, 8491503779, 8491503778, 12095286274, 8491503777, 5902408279, 8491503780];;;914148031;-72.62773832442107;-38.75393331053521;[{'lat': -38.7533547, 'lon': -72.6275387}, {'lat': -38.7543285, 'lon': -72.6274756}, {'lat': -38.7545142, 'lon': -72.6274636}, {'lat': -38.7545204, 'lon': -72.6279357}, {'lat': -38.7543359, 'lon': -72.6279454}, {'lat': -38.7533475, 'lon': -72.6280161}, {'lat': -38.7533547, 'lon': -72.6276524}, {'lat': -38.7533547, 'lon': -72.6275387}];-72.6280161;-38.7545204;-72.6274636;-38.7533475
way;;;supermarket;Lider Vecino;;Q6711261;Lider;;Avenida Gabriela Mistral;2621;;Temuco;CL;Temuco;[7935369461, 1375418865, 1375418864, 1375418863, 1375418866, 6397546366, 8517775719, 6397546368, 6397546369, 6397546372, 6397546373, 6397546376, 6397546377, 6397546378, 6397546379, 7935369470, 7935369469, 7935369468, 7935369467, 7935369466, 7935369465, 7935369464, 7935369463, 7935369462, 7935369461];;;917053899;-72.64161734361386;-38.73484859411864;[{'lat': -38.7356891, 'lon': -72.6423131}, {'lat': -38.7356486, 'lon': -72.6421287}, {'lat': -38.7356153, 'lon': -72.6419772}, {'lat': -38.7355868, 'lon': -72.6418474}, {'lat': -38.7353886, 'lon': -72.6409447}, {'lat': -38.7352588, 'lon': -72.6403539}, {'lat': -38.7352472, 'lon': -72.6403034}, {'lat': -38.7352081, 'lon': -72.6403153}, {'lat': -38.7349052, 'lon': -72.6404251}, {'lat': -38.7347403, 'lon': -72.640484}, {'lat': -38.7345992, 'lon': -72.640543}, {'lat': -38.7344692, 'lon': -72.6405877}, {'lat': -38.7344327, 'lon': -72.6406182}, {'lat': -38.7344058, 'lon': -72.6406649}, {'lat': -38.7343138, 'lon': -72.6409943}, {'lat': -38.7341274, 'lon': -72.6417207}, {'lat': -38.7341391, 'lon': -72.6419063}, {'lat': -38.7341288, 'lon': -72.6420394}, {'lat': -38.7341098, 'lon': -72.6421219}, {'lat': -38.7340221, 'lon': -72.6422924}, {'lat': -38.7341917, 'lon': -72.6423749}, {'lat': -38.7342546, 'lon': -72.6426261}, {'lat': -38.7343335, 'lon': -72.6426093}, {'lat': -38.7343789, 'lon': -72.6427967}, {'lat': -38.7356891, 'lon': -72.6423131}];-72.6427967;-38.7356891;-72.6403034;-38.7340221
way;;;supermarket;Supermercado El Trébol;;;;;Avenida Barros Arana;01750;;Temuco;CL;Temuco;[8541034629, 8541034628, 8541034627, 8541034626, 8541034625, 8541034624, 8541034629];;;919725085;-72.56248262753117;-38.72466310815369;[{'lat': -38.724486, 'lon': -72.5628653}, {'lat': -38.7243646, 'lon': -72.5623383}, {'lat': -38.7248762, 'lon': -72.5621519}, {'lat': -38.7250384, 'lon': -72.5624241}, {'lat': -38.7247653, 'lon': -72.562522}, {'lat': -38.7248082, 'lon': -72.5627446}, {'lat': -38.724486, 'lon': -72.5628653}];-72.5628653;-38.7250384;-72.5621519;-38.7243646
way;;;supermarket;Santa Isabel;yes;Q7419620;Santa Isabel;;;;;;;;[10184795244, 10184795243, 10184795242, 10184795252, 10184795253, 874410028, 3807533027, 10184795245, 10184795244];;;1113205533;-72.5879214451618;-38.735989286249485;[{'lat': -38.7356208, 'lon': -72.5877484}, {'lat': -38.7356497, 'lon': -72.5875672}, {'lat': -38.7361015, 'lon': -72.5876942}, {'lat': -38.7362254, 'lon': -72.5877312}, {'lat': -38.7361337, 'lon': -72.588361}, {'lat': -38.7359097, 'lon': -72.5883092}, {'lat': -38.7359611, 'lon': -72.5879449}, {'lat': -38.7359767, 'lon': -72.5878344}, {'lat': -38.7356208, 'lon': -72.5877484}];-72.588361;-38.7362254;-72.5875672;-38.7356208
way;;;supermarket;Lider Express;yes;Q6711261;;;Avenida Los Pablos;2050;;Temuco;CL;Temuco;[11598293976, 11598293977, 11598293978, 11598293979, 11598293976];;;1247649384;-72.6415020171195;-38.74471383705554;[{'lat': -38.7446581, 'lon': -72.64191}, {'lat': -38.7443977, 'lon': -72.6414593}, {'lat': -38.7447727, 'lon': -72.641092}, {'lat': -38.7450279, 'lon': -72.6415494}, {'lat': -38.7446581, 'lon': -72.64191}];-72.64191;-38.7450279;-72.641092;-38.7443977
way;;;;;commercial;;;;;;;;;;[998914904, 998914892, 6397546381, 1052949478, 1052949566, 6397546613, 2707045427, 2707045431, 998914890, 2707045426, 6397546612, 2707045425, 1025490723, 1025490700, 1052949374, 1052949692, 998914904];;;86091912;-72.64183140727589;-38.73477882213394;[{'lat': -38.7343155, 'lon': -72.6417664}, {'lat': -38.7342526, 'lon': -72.6414218}, {'lat': -38.7343931, 'lon': -72.6413643}, {'lat': -38.7347358, 'lon': -72.6412241}, {'lat': -38.7347712, 'lon': -72.6413732}, {'lat': -38.7349471, 'lon': -72.6413028}, {'lat': -38.7350033, 'lon': -72.6412803}, {'lat': -38.7350243, 'lon': -72.6413662}, {'lat': -38.7351958, 'lon': -72.6413018}, {'lat': -38.7353381, 'lon': -72.6419348}, {'lat': -38.7351194, 'lon': -72.6420112}, {'lat': -38.7350619, 'lon': -72.6420313}, {'lat': -38.7351247, 'lon': -72.6423533}, {'lat': -38.7346971, 'lon': -72.6425362}, {'lat': -38.7346651, 'lon': -72.642358}, {'lat': -38.7344629, 'lon': -72.6424228}, {'lat': -38.7343155, 'lon': -72.6417664}];-72.6425362;-38.7353381;-72.6412241;-38.7342526
way;;;mall;Easton Oulet Mall;commercial;;;;;;;;;;[1053553658, 1053552897, 1053552259, 1053552576, 1053554821, 1053553389, 1053552746, 1053553506, 1053552820, 1053552168, 1053553801, 1053554566, 1053553284, 1053552649, 1053554990, 1053552294, 1053554127, 1053553111, 1053552476, 1053552786, 1053552122, 1053553728, 1053552934, 1053552837, 1053552186, 1053553857, 1053552992, 1053553307, 1053552678, 1053555026, 1053553541, 1053554187, 1053553135, 1053552494, 1053554622, 1053552153, 1053553785, 1053552955, 1053552311, 1053553033, 1053552395, 1053554390, 1053553214, 1053553605, 1053552868, 1053552225, 1053553946, 1053554707, 1053553350, 1053552712, 1053555100, 1053552345, 1053554270, 4137646260, 1053553170, 1053552531, 1053554927, 1053553466, 1053552799, 1053552141, 1053552448, 1053554484, 1053553258, 1053552621, 4137646313, 1053552908, 1053552275, 1053554064, 1053553080, 1053553413, 1053552758, 1053552100, 1053552768, 1053553658];;;90759256;-72.56370724365102;-38.71177108755523;[{'lat': -38.7125788, 'lon': -72.5625536}, {'lat': -38.7125164, 'lon': -72.5625446}, {'lat': -38.7125217, 'lon': -72.5624591}, {'lat': -38.7124576, 'lon': -72.5624508}, {'lat': -38.7124471, 'lon': -72.5625312}, {'lat': -38.7123282, 'lon': -72.5625228}, {'lat': -38.7123216, 'lon': -72.56262}, {'lat': -38.7122949, 'lon': -72.5627417}, {'lat': -38.7122698, 'lon': -72.5628864}, {'lat': -38.7122364, 'lon': -72.5629789}, {'lat': -38.7122071, 'lon': -72.5630701}, {'lat': -38.7121412, 'lon': -72.5632309}, {'lat': -38.7121014, 'lon': -72.5633288}, {'lat': -38.7120387, 'lon': -72.5634146}, {'lat': -38.7119738, 'lon': -72.5633382}, {'lat': -38.7119424, 'lon': -72.5633288}, {'lat': -38.7119142, 'lon': -72.5633207}, {'lat': -38.7118891, 'lon': -72.5633261}, {'lat': -38.7118682, 'lon': -72.5633409}, {'lat': -38.7118462, 'lon': -72.5633623}, {'lat': -38.7118274, 'lon': -72.5634025}, {'lat': -38.7118232, 'lon': -72.5634468}, {'lat': -38.7118295, 'lon': -72.5634736}, {'lat': -38.7118525, 'lon': -72.5635312}, {'lat': -38.7119111, 'lon': -72.5636063}, {'lat': -38.7118284, 'lon': -72.5637216}, {'lat': -38.7117301, 'lon': -72.5638167}, {'lat': -38.711636, 'lon': -72.5638958}, {'lat': -38.7115345, 'lon': -72.5639669}, {'lat': -38.7114226, 'lon': -72.5640339}, {'lat': -38.7113274, 'lon': -72.5640848}, {'lat': -38.7112646, 'lon': -72.564109}, {'lat': -38.7111893, 'lon': -72.5640285}, {'lat': -38.7111841, 'lon': -72.5640111}, {'lat': -38.7111548, 'lon': -72.5639494}, {'lat': -38.7110931, 'lon': -72.563861}, {'lat': -38.7111036, 'lon': -72.5638435}, {'lat': -38.7110429, 'lon': -72.5637671}, {'lat': -38.7110262, 'lon': -72.5637886}, {'lat': -38.7109822, 'lon': -72.5637457}, {'lat': -38.7109236, 'lon': -72.5637028}, {'lat': -38.7108839, 'lon': -72.5636813}, {'lat': -38.7106663, 'lon': -72.5640138}, {'lat': -38.7109508, 'lon': -72.5643395}, {'lat': -38.7109927, 'lon': -72.5642899}, {'lat': -38.711159, 'lon': -72.5644789}, {'lat': -38.7112312, 'lon': -72.5644602}, {'lat': -38.7113347, 'lon': -72.5644253}, {'lat': -38.7114571, 'lon': -72.5643757}, {'lat': -38.7114864, 'lon': -72.564365}, {'lat': -38.7115387, 'lon': -72.5645312}, {'lat': -38.7116527, 'lon': -72.5644722}, {'lat': -38.7116245, 'lon': -72.564373}, {'lat': -38.711707, 'lon': -72.564321}, {'lat': -38.7117918, 'lon': -72.5642685}, {'lat': -38.7117657, 'lon': -72.5642162}, {'lat': -38.7118609, 'lon': -72.5641411}, {'lat': -38.7119759, 'lon': -72.5640553}, {'lat': -38.7120533, 'lon': -72.5639763}, {'lat': -38.7120774, 'lon': -72.5640044}, {'lat': -38.7123849, 'lon': -72.5635674}, {'lat': -38.712341, 'lon': -72.5635151}, {'lat': -38.712387, 'lon': -72.5634427}, {'lat': -38.7124257, 'lon': -72.5634642}, {'lat': -38.7125013, 'lon': -72.5632893}, {'lat': -38.7125575, 'lon': -72.5631237}, {'lat': -38.7125062, 'lon': -72.5630969}, {'lat': -38.7125303, 'lon': -72.5630218}, {'lat': -38.7125575, 'lon': -72.5629173}, {'lat': -38.7125826, 'lon': -72.56281}, {'lat': -38.7126014, 'lon': -72.5627229}, {'lat': -38.7126017, 'lon': -72.562684}, {'lat': -38.7125641, 'lon': -72.5626411}, {'lat': -38.7125788, 'lon': -72.5625536}];-72.5645312;-38.7126017;-72.5624508;-38.7106663
way;;;;;commercial;;;;;;;;;;[1408934384, 1408934386, 1408934341, 3232210533, 3232210532, 3232210531, 1408934343, 3232210534, 3232210535, 1408934351, 1408934361, 1408934371, 1408934368, 1408934370, 1408934352, 1408934356, 1408934357, 1408934384];;;127255265;-72.60748143334658;-38.74341969782502;[{'lat': -38.743465, 'lon': -72.6080546}, {'lat': -38.7434428, 'lon': -72.6081367}, {'lat': -38.743273, 'lon': -72.608071}, {'lat': -38.7433067, 'lon': -72.607929}, {'lat': -38.7432674, 'lon': -72.6079136}, {'lat': -38.7433149, 'lon': -72.6077135}, {'lat': -38.7432498, 'lon': -72.6076881}, {'lat': -38.7432339, 'lon': -72.6075885}, {'lat': -38.7432593, 'lon': -72.6075722}, {'lat': -38.74331, 'lon': -72.6073527}, {'lat': -38.7432324, 'lon': -72.607206}, {'lat': -38.7431278, 'lon': -72.6071684}, {'lat': -38.7431094, 'lon': -72.6069699}, {'lat': -38.7435304, 'lon': -72.6071311}, {'lat': -38.7436373, 'lon': -72.607039}, {'lat': -38.7437047, 'lon': -72.6071676}, {'lat': -38.7436497, 'lon': -72.6073709}, {'lat': -38.743465, 'lon': -72.6080546}];-72.6081367;-38.7437047;-72.6069699;-38.7431094
way;;;;Carrusel;commercial;;;;;;;;;;[1999553450, 3057683728, 3057683726, 1999553454, 3057683725, 1999553455, 3057685748, 3057685747, 1999553458, 3057685746, 3057685745, 1999553460, 3057685744, 1999553462, 3057685743, 3057685742, 1999553461, 3057685741, 3057685740, 1999553459, 3057685739, 3057685738, 1999553457, 3057685737, 1999553456, 3057685736, 3057685735, 1999553453, 3057685734, 1999553451, 3057685733, 1999553449, 3057683732, 3057683731, 1999553447, 3057683730, 3057683729, 1999553448, 3057683727, 1999553450];;;189312447;-72.59737400478855;-38.73761159090051;[{'lat': -38.7375117, 'lon': -72.5974777}, {'lat': -38.7375265, 'lon': -72.5974976}, {'lat': -38.7375437, 'lon': -72.5975139}, {'lat': -38.7375627, 'lon': -72.5975265}, {'lat': -38.7375831, 'lon': -72.5975347}, {'lat': -38.7376043, 'lon': -72.5975386}, {'lat': -38.7376257, 'lon': -72.5975378}, {'lat': -38.7376468, 'lon': -72.5975326}, {'lat': -38.7376668, 'lon': -72.5975229}, {'lat': -38.7376853, 'lon': -72.5975091}, {'lat': -38.7377017, 'lon': -72.5974915}, {'lat': -38.7377157, 'lon': -72.5974707}, {'lat': -38.7377268, 'lon': -72.5974472}, {'lat': -38.7377347, 'lon': -72.5974217}, {'lat': -38.7377391, 'lon': -72.5973949}, {'lat': -38.73774, 'lon': -72.5973674}, {'lat': -38.7377374, 'lon': -72.5973402}, {'lat': -38.7377313, 'lon': -72.5973139}, {'lat': -38.7377218, 'lon': -72.5972893}, {'lat': -38.7377093, 'lon': -72.597267}, {'lat': -38.7376952, 'lon': -72.5972488}, {'lat': -38.737679, 'lon': -72.5972337}, {'lat': -38.7376613, 'lon': -72.597222}, {'lat': -38.7376423, 'lon': -72.597214}, {'lat': -38.7376225, 'lon': -72.5972098}, {'lat': -38.7376025, 'lon': -72.5972096}, {'lat': -38.7375827, 'lon': -72.5972134}, {'lat': -38.7375637, 'lon': -72.5972211}, {'lat': -38.7375457, 'lon': -72.5972325}, {'lat': -38.7375294, 'lon': -72.5972473}, {'lat': -38.7375151, 'lon': -72.5972652}, {'lat': -38.7375031, 'lon': -72.5972857}, {'lat': -38.7374937, 'lon': -72.5973084}, {'lat': -38.7374872, 'lon': -72.5973326}, {'lat': -38.7374837, 'lon': -72.5973579}, {'lat': -38.7374833, 'lon': -72.5973835}, {'lat': -38.737486, 'lon': -72.5974089}, {'lat': -38.7374917, 'lon': -72.5974335}, {'lat': -38.7375004, 'lon': -72.5974566}, {'lat': -38.7375117, 'lon': -72.5974777}];-72.5975386;-38.73774;-72.5972096;-38.7374833
way;;;;;commercial;;;;;;;;;;[2420400899, 2420400900, 2420400901, 2420406104, 2420406107, 2420400899];;;233693496;-72.60936495929757;-38.74477794839457;[{'lat': -38.7446938, 'lon': -72.609436}, {'lat': -38.744811, 'lon': -72.609487}, {'lat': -38.7448621, 'lon': -72.609294}, {'lat': -38.7447856, 'lon': -72.6092606}, {'lat': -38.7447449, 'lon': -72.6092429}, {'lat': -38.7446938, 'lon': -72.609436}];-72.609487;-38.7448621;-72.6092429;-38.7446938
way;;;;;commercial;;;;;;;;;;[2420406103, 2420406107, 2420406104, 2420406105, 2420406106, 2420406103];;;233694210;-72.60915016034544;-38.7447730053987;[{'lat': -38.7447112, 'lon': -72.6092248}, {'lat': -38.7447449, 'lon': -72.6092429}, {'lat': -38.7447856, 'lon': -72.6092606}, {'lat': -38.7448352, 'lon': -72.609073}, {'lat': -38.7447601, 'lon': -72.6090403}, {'lat': -38.7447112, 'lon': -72.6092248}];-72.6092606;-38.7448352;-72.6090403;-38.7447112
way;;;;;commercial;;;;;;;;;;[3040066152, 3040066153, 3040066154, 3040066155, 3040066156, 3040066157, 3040066158, 3040066159, 3040066160, 3040066161, 3040066162, 3040066163, 3040066152];;;299921432;-72.61398456108401;-38.7330241470135;[{'lat': -38.7331186, 'lon': -72.6143665}, {'lat': -38.7332398, 'lon': -72.6140288}, {'lat': -38.7336352, 'lon': -72.614262}, {'lat': -38.7336725, 'lon': -72.6141581}, {'lat': -38.7328964, 'lon': -72.6137004}, {'lat': -38.7329835, 'lon': -72.6134577}, {'lat': -38.7329475, 'lon': -72.6134364}, {'lat': -38.7329075, 'lon': -72.6135479}, {'lat': -38.7328296, 'lon': -72.6135019}, {'lat': -38.7326586, 'lon': -72.6139784}, {'lat': -38.7326883, 'lon': -72.6139959}, {'lat': -38.7326537, 'lon': -72.6140923}, {'lat': -38.7331186, 'lon': -72.6143665}];-72.6143665;-38.7336725;-72.6134364;-38.7326537
way;;;;Centro Comercial Alemania;commercial;;;;;;;;;;[3040108180, 3040108181, 3040108185, 3040108186, 3040108187, 3040108180];;;299924430;-72.61520023958325;-38.733939381038745;[{'lat': -38.7337944, 'lon': -72.6153214}, {'lat': -38.7339126, 'lon': -72.6149811}, {'lat': -38.7339948, 'lon': -72.615028}, {'lat': -38.7340844, 'lon': -72.6150791}, {'lat': -38.7339661, 'lon': -72.6154194}, {'lat': -38.7337944, 'lon': -72.6153214}];-72.6154194;-38.7340844;-72.6149811;-38.7337944
way;;;;;commercial;;;;;;;;;;[3040108188, 3040108189, 3040108190, 3040108191, 3040108188];;;299924431;-72.61338488292735;-38.73443480042172;[{'lat': -38.734353, 'lon': -72.6134636}, {'lat': -38.7344314, 'lon': -72.6132538}, {'lat': -38.7345166, 'lon': -72.6133061}, {'lat': -38.7344382, 'lon': -72.613516}, {'lat': -38.734353, 'lon': -72.6134636}];-72.613516;-38.7345166;-72.6132538;-38.734353
way;;;;;commercial;;;;;;;;;;[2420405970, 3232275016, 3232275003, 3232275004, 2420405988, 2420405970];;;317017785;-72.60981615518656;-38.74510514921296;[{'lat': -38.7450184, 'lon': -72.6099127}, {'lat': -38.7450805, 'lon': -72.6096723}, {'lat': -38.7451919, 'lon': -72.6097196}, {'lat': -38.7451298, 'lon': -72.60996}, {'lat': -38.7451102, 'lon': -72.6099517}, {'lat': -38.7450184, 'lon': -72.6099127}];-72.60996;-38.7451919;-72.6096723;-38.7450184
way;;;;;commercial;;;;;;;;;;[3232275005, 3232275006, 3232275007, 3232275017, 3232275005];;;317017786;-72.60943104958794;-38.74517179094894;[{'lat': -38.7451783, 'lon': -72.6093108}, {'lat': -38.745215, 'lon': -72.6093725}, {'lat': -38.7451731, 'lon': -72.6095319}, {'lat': -38.7451244, 'lon': -72.6095109}, {'lat': -38.7451783, 'lon': -72.6093108}];-72.6095319;-38.745215;-72.6093108;-38.7451244
way;;;supermarket;Jumbo;commercial;Q6310864;Jumbo;;Avenida Los Pablos;1800;;;;Temuco;[3791581722, 3791581728, 3791581723, 7762479753, 7762479754, 3791581725, 3791581721, 7762479755, 7762479756, 3791581724, 3791581722];;;375822999;-72.63789644234974;-38.743708214123274;[{'lat': -38.7433955, 'lon': -72.6377321}, {'lat': -38.7432942, 'lon': -72.6377901}, {'lat': -38.7435322, 'lon': -72.6384738}, {'lat': -38.7438618, 'lon': -72.6382852}, {'lat': -38.7439031, 'lon': -72.6382616}, {'lat': -38.7441487, 'lon': -72.638121}, {'lat': -38.7438756, 'lon': -72.6373364}, {'lat': -38.7438221, 'lon': -72.637367}, {'lat': -38.743811, 'lon': -72.6373351}, {'lat': -38.7433493, 'lon': -72.6375993}, {'lat': -38.7433955, 'lon': -72.6377321}];-72.6384738;-38.7441487;-72.6373351;-38.7432942
way;;;;;commercial;;;;;;;;;;[5657698741, 5657698742, 5657698743, 5657698744, 5657698741];;;592908298;-72.59654665016957;-38.76649576945541;[{'lat': -38.7665249, 'lon': -72.5965945}, {'lat': -38.7665366, 'lon': -72.5965175}, {'lat': -38.7664663, 'lon': -72.5964989}, {'lat': -38.7664552, 'lon': -72.5965759}, {'lat': -38.7665249, 'lon': -72.5965945}];-72.5965945;-38.7665366;-72.5964989;-38.7664552
way;;;car_parts;Repuestos Francisco;commercial;;;;;;;;;;[5698387484, 5698387485, 5698387486, 5698387487, 5698387488, 5698387489, 5698387484];;;598719569;-72.66833372341682;-38.7584591670415;[{'lat': -38.7584124, 'lon': -72.6684769}, {'lat': -38.7585325, 'lon': -72.6684383}, {'lat': -38.7584784, 'lon': -72.6681607}, {'lat': -38.7584076, 'lon': -72.6681834}, {'lat': -38.7584372, 'lon': -72.6683349}, {'lat': -38.7583878, 'lon': -72.6683507}, {'lat': -38.7584124, 'lon': -72.6684769}];-72.6684769;-38.7585325;-72.6681607;-38.7583878
way;;;;;commercial;;;;;;;;;;[5698387490, 5698387491, 5698387492, 5698387493, 5698387490];;;598719570;-72.66896342042925;-38.758524155928185;[{'lat': -38.7584902, 'lon': -72.6690373}, {'lat': -38.7585841, 'lon': -72.6690015}, {'lat': -38.7585581, 'lon': -72.6688895}, {'lat': -38.7584642, 'lon': -72.6689254}, {'lat': -38.7584902, 'lon': -72.6690373}];-72.6690373;-38.7585841;-72.6688895;-38.7584642
way;;;;Edificio Buro;commercial;;;;18 de Septiembre;525;;;;Temuco;[6460703515, 6460703516, 6460703517, 6460703518, 6460703515];;;688792055;-72.6068696318426;-38.73636493126469;[{'lat': -38.736428, 'lon': -72.6072028}, {'lat': -38.7365493, 'lon': -72.6066341}, {'lat': -38.7363024, 'lon': -72.6065322}, {'lat': -38.7361811, 'lon': -72.6071116}, {'lat': -38.736428, 'lon': -72.6072028}];-72.6072028;-38.7365493;-72.6065322;-38.7361811
way;;;;Boulevard Universitario;commercial;;;;;;;;;;[6460708779, 6781149700, 6781149699, 6781149698, 6781149701, 6460708780, 6460708781, 6460708782, 6460708779];;;688794343;-72.60671307451432;-38.736166003560314;[{'lat': -38.736178, 'lon': -72.6069638}, {'lat': -38.7361938, 'lon': -72.606889}, {'lat': -38.7362071, 'lon': -72.6068936}, {'lat': -38.7362387, 'lon': -72.6067444}, {'lat': -38.7362256, 'lon': -72.606735}, {'lat': -38.7362758, 'lon': -72.6064981}, {'lat': -38.7361511, 'lon': -72.6064547}, {'lat': -38.7360525, 'lon': -72.6069201}, {'lat': -38.736178, 'lon': -72.6069638}];-72.6069638;-38.7362758;-72.6064547;-38.7360525
way;;;;;commercial;;;;;;;;;;[7854463490, 8583300346, 8583300347, 8583300348, 8583300349, 7854463492, 7854463493, 7854459681, 7854459682, 7854459683, 7854459684, 7854463485, 7854463486, 8583300345, 8583300344, 7854463487, 8579115525, 7854463488, 7854463489, 7854463490];;;841888382;-72.64276680340149;-38.7410003037591;[{'lat': -38.7406036, 'lon': -72.6423434}, {'lat': -38.7404982, 'lon': -72.6424453}, {'lat': -38.740511, 'lon': -72.642467}, {'lat': -38.7404923, 'lon': -72.642485}, {'lat': -38.7407368, 'lon': -72.6429012}, {'lat': -38.7407626, 'lon': -72.6428763}, {'lat': -38.7409802, 'lon': -72.6432466}, {'lat': -38.741442, 'lon': -72.6428005}, {'lat': -38.7414231, 'lon': -72.6427683}, {'lat': -38.7414851, 'lon': -72.6427084}, {'lat': -38.7414423, 'lon': -72.6426355}, {'lat': -38.7413813, 'lon': -72.6426944}, {'lat': -38.7412247, 'lon': -72.6424279}, {'lat': -38.7410648, 'lon': -72.6425824}, {'lat': -38.7410525, 'lon': -72.6425615}, {'lat': -38.7410698, 'lon': -72.6425448}, {'lat': -38.7410456, 'lon': -72.6425035}, {'lat': -38.7410108, 'lon': -72.6424444}, {'lat': -38.7407889, 'lon': -72.6426587}, {'lat': -38.7406036, 'lon': -72.6423434}];-72.6432466;-38.7414851;-72.6423434;-38.7404923
way;;;shopping_centre;Centro Comercial Puente Inglés;commercial;;;;Avenida Pablo Neruda;2491;;;;;[7973690648, 7973690649, 7973690650, 7973690651, 7973690652, 7973690653, 7973690654, 7973690668, 7973690655, 7973690656, 7973690657, 7973690658, 7973690659, 7973690660, 7973690661, 7973690662, 7973690663, 7973690664, 7973690665, 7973690648];;;854972943;-72.63956940180563;-38.73567777168386;[{'lat': -38.735781, 'lon': -72.639793}, {'lat': -38.7357622, 'lon': -72.6398588}, {'lat': -38.7357271, 'lon': -72.6398824}, {'lat': -38.7357212, 'lon': -72.6398681}, {'lat': -38.7356973, 'lon': -72.6398842}, {'lat': -38.7356548, 'lon': -72.6398602}, {'lat': -38.7356351, 'lon': -72.6398119}, {'lat': -38.735646, 'lon': -72.6397656}, {'lat': -38.7356513, 'lon': -72.6397434}, {'lat': -38.7355475, 'lon': -72.6393545}, {'lat': -38.7356607, 'lon': -72.6393049}, {'lat': -38.7357994, 'lon': -72.6393619}, {'lat': -38.7357811, 'lon': -72.6394352}, {'lat': -38.7357674, 'lon': -72.6394296}, {'lat': -38.7357536, 'lon': -72.6394376}, {'lat': -38.7357092, 'lon': -72.6394214}, {'lat': -38.7356963, 'lon': -72.6394792}, {'lat': -38.7357476, 'lon': -72.6396911}, {'lat': -38.7357642, 'lon': -72.639698}, {'lat': -38.735781, 'lon': -72.639793}];-72.6398842;-38.7357994;-72.6393049;-38.7355475
way;;;;;commercial;;;;;;;;;;[7973708503, 7973708504, 7973708505, 11887468396, 7973708506, 7973708507, 7973708508, 7973708509, 7973708510, 7973708511, 11887468397, 7973708512, 7973708513, 7973708514, 7973708503];;;854972950;-72.63749171377928;-38.73621136232233;[{'lat': -38.7360862, 'lon': -72.6376059}, {'lat': -38.7361164, 'lon': -72.6374826}, {'lat': -38.7361579, 'lon': -72.6374993}, {'lat': -38.7361651, 'lon': -72.63747}, {'lat': -38.7361735, 'lon': -72.6374356}, {'lat': -38.7361317, 'lon': -72.6374187}, {'lat': -38.7361591, 'lon': -72.6373069}, {'lat': -38.7363353, 'lon': -72.6373778}, {'lat': -38.7363064, 'lon': -72.6374958}, {'lat': -38.7362833, 'lon': -72.6374865}, {'lat': -38.736275, 'lon': -72.6375203}, {'lat': -38.736265, 'lon': -72.6375608}, {'lat': -38.7362862, 'lon': -72.6375694}, {'lat': -38.7362601, 'lon': -72.637676}, {'lat': -38.7360862, 'lon': -72.6376059}];-72.637676;-38.7363353;-72.6373069;-38.7360862
way;;;;Vanguardia Center;commercial;;;;;;;;;;[8133041444, 8133041445, 8133041446, 8133041449, 8133041444];;;873339628;-72.58972080000001;-38.742998949999986;[{'lat': -38.7428019, 'lon': -72.5897643}, {'lat': -38.7431643, 'lon': -72.5898649}, {'lat': -38.743196, 'lon': -72.5896773}, {'lat': -38.7428336, 'lon': -72.5895767}, {'lat': -38.7428019, 'lon': -72.5897643}];-72.5898649;-38.743196;-72.5895767;-38.7428019
way;;;;;commercial;;;;;;;;;;[8495220394, 8495220393, 8495220392, 8495220391, 8495220394];;;914509583;-72.60941469999999;-38.74507744999999;[{'lat': -38.7449902, 'lon': -72.6095487}, {'lat': -38.7450732, 'lon': -72.6092402}, {'lat': -38.7451647, 'lon': -72.6092807}, {'lat': -38.7450817, 'lon': -72.6095892}, {'lat': -38.7449902, 'lon': -72.6095487}];-72.6095892;-38.7451647;-72.6092402;-38.7449902
way;;;;;commercial;;;;;;;;;;[1408934384, 1408934357, 1408934348, 1408934329, 1408934384];;;920459209;-72.60775822446624;-38.743656408592315;[{'lat': -38.743465, 'lon': -72.6080546}, {'lat': -38.7436497, 'lon': -72.6073709}, {'lat': -38.7438443, 'lon': -72.6074498}, {'lat': -38.7436695, 'lon': -72.6081442}, {'lat': -38.743465, 'lon': -72.6080546}];-72.6081442;-38.7438443;-72.6073709;-38.743465
way;;;;Automotora Salazar Israel;commercial;;;;;;;;;;[9405059716, 9405059715, 9405059714, 9405059713, 9405059712, 9405059716];;;1019726687;-72.5767439940672;-38.72717236792;[{'lat': -38.7273276, 'lon': -72.5772956}, {'lat': -38.7269363, 'lon': -72.5765795}, {'lat': -38.726817, 'lon': -72.5763488}, {'lat': -38.7271058, 'lon': -72.5762523}, {'lat': -38.7275076, 'lon': -72.5772044}, {'lat': -38.7273276, 'lon': -72.5772956}];-72.5772956;-38.7275076;-72.5762523;-38.726817
way;;;;;commercial;;;;Avenida Pablo Neruda;;;;;Temuco;[9760888132, 9760888133, 9760888134, 9760888135, 9760888132];;;1062492245;-72.62025645000001;-38.740304650000006;[{'lat': -38.7402095, 'lon': -72.6203824}, {'lat': -38.7402795, 'lon': -72.6200841}, {'lat': -38.7403998, 'lon': -72.6201305}, {'lat': -38.7403298, 'lon': -72.6204288}, {'lat': -38.7402095, 'lon': -72.6203824}];-72.6204288;-38.7403998;-72.6200841;-38.7402095
way;;;;;commercial;;;;;;;;;;[11598938727, 11598938728, 11598938729, 11598938730, 11598938727];;;1247732795;-72.5929771810439;-38.73671260123548;[{'lat': -38.7365557, 'lon': -72.5930831}, {'lat': -38.7366031, 'lon': -72.592806}, {'lat': -38.7368668, 'lon': -72.5928668}, {'lat': -38.7368233, 'lon': -72.5931507}, {'lat': -38.7365557, 'lon': -72.5930831}];-72.5931507;-38.7368668;-72.592806;-38.7365557
way;;;;;commercial;;;;Avenida Caupolicán;;;;;Temuco;[11880169818, 11880169819, 11880169820, 11880169821, 11880169822, 11880169823, 11880169824, 11880169825, 11880169818];;;1279796692;-72.59765909862266;-38.737687729142635;[{'lat': -38.7374675, 'lon': -72.5976455}, {'lat': -38.7374739, 'lon': -72.5975478}, {'lat': -38.7378473, 'lon': -72.5976455}, {'lat': -38.7378752, 'lon': -72.5976732}, {'lat': -38.7378905, 'lon': -72.5977253}, {'lat': -38.7378918, 'lon': -72.5977921}, {'lat': -38.7378067, 'lon': -72.5977693}, {'lat': -38.7378092, 'lon': -72.5977367}, {'lat': -38.7374675, 'lon': -72.5976455}];-72.5977921;-38.7378918;-72.5975478;-38.7374675
way;;;;Centro de Reparto Chilexpress;warehouse;;;post_office;Avenida Caupolicán;1217;;Temuco;CL;Temuco;[3819532427, 3819532428, 3819532429, 3819532430, 3819532431, 3819532432, 3819532433, 3819532434, 3819532427];;;378538849;-72.58131590312277;-38.729005569274555;[{'lat': -38.7290973, 'lon': -72.5812478}, {'lat': -38.7291265, 'lon': -72.5813101}, {'lat': -38.7290945, 'lon': -72.5813348}, {'lat': -38.729115, 'lon': -72.5813786}, {'lat': -38.7289865, 'lon': -72.5814776}, {'lat': -38.7288832, 'lon': -72.5812573}, {'lat': -38.7290124, 'lon': -72.5811577}, {'lat': -38.729066, 'lon': -72.5812719}, {'lat': -38.7290973, 'lon': -72.5812478}];-72.5814776;-38.7291265;-72.5811577;-38.7288832
way;;;;;warehouse;;;;;;;;;;[3819595671, 3819595674, 3819595672, 3819595673, 3819595681, 3819595678, 3819595671];;;378545193;-72.60890960898412;-38.77060822533558;[{'lat': -38.7705052, 'lon': -72.6085529}, {'lat': -38.7706291, 'lon': -72.6085321}, {'lat': -38.7707127, 'lon': -72.609263}, {'lat': -38.7705869, 'lon': -72.6092872}, {'lat': -38.7705762, 'lon': -72.6091933}, {'lat': -38.7705162, 'lon': -72.6086618}, {'lat': -38.7705052, 'lon': -72.6085529}];-72.6092872;-38.7707127;-72.6085321;-38.7705052
way;;;;;warehouse;;;;;;;;;;[3819595674, 3819595675, 3819595676, 3819595677, 3819595672, 3819595674];;;378545194;-72.60892987595628;-38.7707275082621;[{'lat': -38.7706291, 'lon': -72.6085321}, {'lat': -38.7707279, 'lon': -72.6085189}, {'lat': -38.7708294, 'lon': -72.6093086}, {'lat': -38.7707207, 'lon': -72.6093318}, {'lat': -38.7707127, 'lon': -72.609263}, {'lat': -38.7706291, 'lon': -72.6085321}];-72.6093318;-38.7708294;-72.6085189;-38.7706291
way;;;;Biosal;warehouse;;;;;;;;;;[3819595682, 3819595683, 3819595684, 3819595685, 3819595688, 3819595686, 3819595687, 3819595682];;;378545197;-72.60887432280833;-38.77028239598118;[{'lat': -38.7702267, 'lon': -72.6086569}, {'lat': -38.7702564, 'lon': -72.6086549}, {'lat': -38.7702564, 'lon': -72.6085187}, {'lat': -38.7703214, 'lon': -72.6085065}, {'lat': -38.7703267, 'lon': -72.6087667}, {'lat': -38.7703356, 'lon': -72.6091956}, {'lat': -38.7702374, 'lon': -72.6091976}, {'lat': -38.7702267, 'lon': -72.6086569}];-72.6091976;-38.7703356;-72.6085065;-38.7702267
way;;;;;warehouse;;;;;;;;;;[3819595688, 3819595689, 3819595690, 3819595691, 3819595688];;;378545198;-72.60897554502077;-38.77038179484255;[{'lat': -38.7703267, 'lon': -72.6087667}, {'lat': -38.7703967, 'lon': -72.6087543}, {'lat': -38.7704482, 'lon': -72.6091603}, {'lat': -38.7703515, 'lon': -72.6091773}, {'lat': -38.7703267, 'lon': -72.6087667}];-72.6091773;-38.7704482;-72.6087543;-38.7703267
way;;;;;warehouse;;;;;;;;;;[10913376685, 10913376686, 10913376687, 10913376688, 10913376685];;;1174472726;-72.5465573;-38.69770799999999;[{'lat': -38.6977834, 'lon': -72.5467894}, {'lat': -38.6978952, 'lon': -72.5466326}, {'lat': -38.6976326, 'lon': -72.5463252}, {'lat': -38.6975208, 'lon': -72.546482}, {'lat': -38.6977834, 'lon': -72.5467894}];-72.5467894;-38.6978952;-72.5463252;-38.6975208
way;;;;Constructor Center;warehouse;;;;;;;;;;[11529716050, 11530921159, 3819595676, 3819595675, 11529716051, 11529716052, 11529716053, 11530921163, 11530921162, 11530921161, 11530921160, 11529716050];;;1240912964;-72.60886046643866;-38.7708920383436;[{'lat': -38.7708519, 'lon': -72.6093441}, {'lat': -38.7708345, 'lon': -72.6093478}, {'lat': -38.7708294, 'lon': -72.6093086}, {'lat': -38.7707279, 'lon': -72.6085189}, {'lat': -38.770768, 'lon': -72.6085104}, {'lat': -38.7709787, 'lon': -72.6084612}, {'lat': -38.7710585, 'lon': -72.6090951}, {'lat': -38.7709323, 'lon': -72.609131}, {'lat': -38.7709501, 'lon': -72.6092694}, {'lat': -38.7709227, 'lon': -72.6092752}, {'lat': -38.7709295, 'lon': -72.6093277}, {'lat': -38.7708519, 'lon': -72.6093441}];-72.6093478;-38.7710585;-72.6084612;-38.7707279
way;;;;Copeval;warehouse;;;;;;;;;;[11530921152, 11530921153, 11530921154, 11530921155, 11530921156, 11530921157, 11529716053, 11529716052, 11530921158, 11529716054, 11529716055, 11530921152];;;1240912965;-72.60868834670157;-38.77115538984909;[{'lat': -38.7713142, 'lon': -72.6086244}, {'lat': -38.7713213, 'lon': -72.6086808}, {'lat': -38.7713088, 'lon': -72.6086834}, {'lat': -38.7713154, 'lon': -72.6087355}, {'lat': -38.7712148, 'lon': -72.6087564}, {'lat': -38.7712523, 'lon': -72.609055}, {'lat': -38.7710585, 'lon': -72.6090951}, {'lat': -38.7709787, 'lon': -72.6084612}, {'lat': -38.7710816, 'lon': -72.6084399}, {'lat': -38.7710763, 'lon': -72.6083982}, {'lat': -38.7713381, 'lon': -72.6083453}, {'lat': -38.7713142, 'lon': -72.6086244}];-72.6090951;-38.7713381;-72.6083453;-38.7709787
way;;;;Muebles Santa Ana;warehouse;;;;;;;;;;[11598354324, 11598354325, 11702251782, 11702251781, 11702251780, 11598354324];;;1258849804;-72.57963926991117;-38.78117659484224;[{'lat': -38.7805661, 'lon': -72.5794836}, {'lat': -38.7811003, 'lon': -72.5789497}, {'lat': -38.7812613, 'lon': -72.5788047}, {'lat': -38.781805, 'lon': -72.5797021}, {'lat': -38.7810766, 'lon': -72.5805253}, {'lat': -38.7805661, 'lon': -72.5794836}];-72.5805253;-38.781805;-72.5788047;-38.7805661
way;;;;;warehouse;;;;;;;;;;[12697898907, 12697898908, 12697898909, 12697898910, 12697898911, 12697898912, 12697898907];;;1371022236;-72.60306038085804;-38.72829933332458;[{'lat': -38.7279933, 'lon': -72.6033934}, {'lat': -38.7281449, 'lon': -72.6025619}, {'lat': -38.7286007, 'lon': -72.6026985}, {'lat': -38.7284325, 'lon': -72.6036206}, {'lat': -38.7283107, 'lon': -72.6035841}, {'lat': -38.7283273, 'lon': -72.6034934}, {'lat': -38.7279933, 'lon': -72.6033934}];-72.6036206;-38.7286007;-72.6025619;-38.7279933
way;;;;;warehouse;;;;;;;;;;[12762212191, 12762212192, 12762212193, 12762212194, 12762212191];;;1378321534;-72.50398362613873;-38.68485253367403;[{'lat': -38.6847711, 'lon': -72.504008}, {'lat': -38.6849098, 'lon': -72.5040613}, {'lat': -38.6849327, 'lon': -72.5039611}, {'lat': -38.6847991, 'lon': -72.5039041}, {'lat': -38.6847711, 'lon': -72.504008}];-72.5040613;-38.6849327;-72.5039041;-38.6847711
way;;;kiosk;;retail;;;;;;;;;;[7284080296, 7284080297, 7284080298, 7284080299, 7284080296];;;780099050;-72.50945027100394;-38.681594479532194;[{'lat': -38.6815717, 'lon': -72.5094835}, {'lat': -38.6816166, 'lon': -72.5094835}, {'lat': -38.681618, 'lon': -72.5094162}, {'lat': -38.681571, 'lon': -72.5094189}, {'lat': -38.6815717, 'lon': -72.5094835}];-72.5094835;-38.681618;-72.5094162;-38.681571
way;;;mall;Galería Siles;retail;;;;;;;;;;[11787395087, 11787395097, 11787395095, 11787395098, 11787395091, 11787395089, 11787395088, 11787395094, 11787395087];;;1269106839;-72.58689145166981;-38.73705947844742;[{'lat': -38.7370632, 'lon': -72.587246}, {'lat': -38.7371018, 'lon': -72.5870066}, {'lat': -38.7369641, 'lon': -72.5869702}, {'lat': -38.7369874, 'lon': -72.586826}, {'lat': -38.7368584, 'lon': -72.5867919}, {'lat': -38.7368769, 'lon': -72.5866768}, {'lat': -38.7372012, 'lon': -72.5867626}, {'lat': -38.7371209, 'lon': -72.5872612}, {'lat': -38.7370632, 'lon': -72.587246}];-72.5872612;-38.7372012;-72.5866768;-38.7368584
